{
    "our": [
        0.01171875,
        0.013427734375,
        0.019775390625,
        0.02734375,
        0.04052734375,
        0.065673828125,
        0.117919921875,
        0.22607421875,
        0.407470703125,
        0.673583984375,
        0.89990234375,
        0.989501953125,
        0.999755859375,
        1.0,
        1.0,
        1.0,
        1.0,
        1.0,
        1.0
    ],
    "our_IQ": [
        0.009765625,
        0.01171875,
        0.017578125,
        0.02490234375,
        0.03515625,
        0.072998046875,
        0.12255859375,
        0.2158203125,
        0.423828125,
        0.673828125,
        0.905029296875,
        0.990966796875,
        1.0,
        1.0,
        1.0,
        1.0,
        1.0,
        1.0,
        1.0
    ],
    "snr_range": [
        -40,
        -38,
        -36,
        -34,
        -32,
        -30,
        -28,
        -26,
        -24,
        -22,
        -20,
        -18,
        -16,
        -14,
        -12,
        -10,
        -8,
        -6,
        -4
    ],
    "sf": 7
}