{
    "ChirpSmoother": [
        0.0107421875,
        0.014892578125,
        0.03173828125,
        0.05126953125,
        0.11328125,
        0.305908203125,
        0.674072265625,
        0.96435546875,
        1.0,
        1.0,
        1.0,
        1.0,
        1.0
    ],
    "LoRa Trimmer": [
        0.01025390625,
        0.0126953125,
        0.0205078125,
        0.039794921875,
        0.0927734375,
        0.232421875,
        0.546630859375,
        0.896240234375,
        0.997802734375,
        1.0,
        1.0,
        1.0,
        1.0
    ],
    "LoRaPHY-CPA": [
        0.009765625,
        0.01025390625,
        0.013427734375,
        0.0205078125,
        0.042236328125,
        0.09228515625,
        0.27001953125,
        0.589111328125,
        0.89111328125,
        0.95654296875,
        0.9853515625,
        0.99609375,
        0.999755859375
    ],
    "LoRaPHY-FPA": [
        0.010986328125,
        0.010498046875,
        0.011474609375,
        0.027099609375,
        0.047119140625,
        0.09521484375,
        0.258056640625,
        0.603759765625,
        0.889404296875,
        0.959716796875,
        0.986083984375,
        0.99853515625,
        0.999755859375
    ],
    "MFFT": [
        0.009521484375,
        0.010986328125,
        0.01904296875,
        0.024169921875,
        0.049072265625,
        0.105712890625,
        0.274658203125,
        0.62939453125,
        0.91748046875,
        0.9814453125,
        0.999267578125,
        1.0,
        1.0
    ],
    "HFFT": [
        0.01025390625,
        0.01123046875,
        0.021240234375,
        0.0283203125,
        0.068115234375,
        0.152099609375,
        0.369384765625,
        0.677001953125,
        0.897705078125,
        0.973876953125,
        0.9951171875,
        1.0,
        1.0
    ],
    "snr_range": [
        -40,
        -37,
        -34,
        -31,
        -28,
        -25,
        -22,
        -19,
        -16,
        -13,
        -10,
        -7,
        -4
    ],
    "sf": 7
}