{
    "ChirpSmoother": [
        0.01171875,
        0.01796875,
        0.01875,
        0.01953125,
        0.04296875,
        0.06171875,
        0.1203125,
        0.22890625,
        0.4109375,
        0.68046875,
        0.9015625,
        0.98828125,
        1.0,
        1.0,
        1.0,
        1.0,
        1.0,
        1.0,
        1.0
    ],
    "LoRa Trimmer": [
        0.01171875,
        0.00859375,
        0.009375,
        0.01953125,
        0.03125,
        0.04921875,
        0.0875,
        0.159375,
        0.309375,
        0.540625,
        0.80390625,
        0.96875,
        0.99765625,
        1.0,
        1.0,
        1.0,
        1.0,
        1.0,
        1.0
    ],
    "LoRaPHY-CPA": [
        0.00546875,
        0.01328125,
        0.00859375,
        0.01484375,
        0.021875,
        0.0203125,
        0.0375,
        0.06875,
        0.1375,
        0.25546875,
        0.4546875,
        0.746875,
        0.88984375,
        0.946875,
        0.97265625,
        0.9875,
        0.99765625,
        0.99921875,
        1.0
    ],
    "LoRaPHY-FPA": [
        0.00625,
        0.0109375,
        0.00859375,
        0.0140625,
        0.01953125,
        0.01796875,
        0.04140625,
        0.06171875,
        0.10859375,
        0.259375,
        0.48671875,
        0.7359375,
        0.875,
        0.96328125,
        0.978125,
        0.9859375,
        0.99765625,
        1.0,
        1.0
    ],
    "MFFT": [
        0.00859375,
        0.01484375,
        0.01015625,
        0.01171875,
        0.0171875,
        0.021875,
        0.0546875,
        0.07421875,
        0.13828125,
        0.28671875,
        0.49921875,
        0.73984375,
        0.9140625,
        0.9703125,
        0.99375,
        0.99921875,
        1.0,
        1.0,
        1.0
    ],
    "HFFT": [
        0.01484375,
        0.00859375,
        0.01640625,
        0.02109375,
        0.0265625,
        0.03671875,
        0.0546875,
        0.11171875,
        0.20390625,
        0.36640625,
        0.58046875,
        0.77265625,
        0.91796875,
        0.95703125,
        0.9859375,
        0.99375,
        1.0,
        0.99921875,
        1.0
    ],
    "snr_range": [
        -40,
        -38,
        -36,
        -34,
        -32,
        -30,
        -28,
        -26,
        -24,
        -22,
        -20,
        -18,
        -16,
        -14,
        -12,
        -10,
        -8,
        -6,
        -4
    ],
    "sf": 7
}