{
    "ChirpSmoother": [
        0.01025390625,
        0.021240234375,
        0.0567626953125,
        0.183349609375,
        0.5230712890625,
        0.929443359375,
        0.99951171875,
        1.0,
        1.0,
        1.0,
        1.0,
        1.0,
        1.0
    ],
    "LoRa Trimmer": [
        0.0072021484375,
        0.0164794921875,
        0.0386962890625,
        0.1263427734375,
        0.3985595703125,
        0.82763671875,
        0.9945068359375,
        1.0,
        1.0,
        1.0,
        1.0,
        1.0,
        1.0
    ],
    "LoRaPHY-CPA": [
        0.0042724609375,
        0.0057373046875,
        0.015380859375,
        0.044677734375,
        0.1513671875,
        0.4696044921875,
        0.8658447265625,
        0.9615478515625,
        0.9892578125,
        0.9984130859375,
        1.0,
        1.0,
        1.0
    ],
    "LoRaPHY-FPA": [
        0.00390625,
        0.006103515625,
        0.0145263671875,
        0.0419921875,
        0.1527099609375,
        0.476806640625,
        0.86669921875,
        0.95947265625,
        0.9864501953125,
        0.9986572265625,
        1.0,
        1.0,
        1.0
    ],
    "MFFT": [
        0.004638671875,
        0.0084228515625,
        0.0164794921875,
        0.04736328125,
        0.170654296875,
        0.499267578125,
        0.8897705078125,
        0.983154296875,
        0.9981689453125,
        1.0,
        1.0,
        1.0,
        1.0
    ],
    "HFFT": [
        0.0037841796875,
        0.0084228515625,
        0.0262451171875,
        0.0792236328125,
        0.2386474609375,
        0.577392578125,
        0.8779296875,
        0.97509765625,
        0.995361328125,
        0.9993896484375,
        1.0,
        1.0,
        1.0
    ],
    "snr_range": [
        -40,
        -37,
        -34,
        -31,
        -28,
        -25,
        -22,
        -19,
        -16,
        -13,
        -10,
        -7,
        -4
    ],
    "sf": 9
}