{
    "our": [
        0.0126953125,
        0.013671875,
        0.017333984375,
        0.0263671875,
        0.042724609375,
        0.069091796875,
        0.12255859375,
        0.223388671875,
        0.41015625,
        0.67626953125,
        0.90283203125,
        0.99072265625,
        1.0,
        1.0,
        1.0,
        1.0,
        1.0,
        1.0,
        1.0
    ],
    "our_IQ": [
        0.01025390625,
        0.012939453125,
        0.019287109375,
        0.029052734375,
        0.03466796875,
        0.06396484375,
        0.123291015625,
        0.22314453125,
        0.408935546875,
        0.667236328125,
        0.893310546875,
        0.9873046875,
        1.0,
        1.0,
        1.0,
        1.0,
        1.0,
        1.0,
        1.0
    ],
    "snr_range": [
        -40,
        -38,
        -36,
        -34,
        -32,
        -30,
        -28,
        -26,
        -24,
        -22,
        -20,
        -18,
        -16,
        -14,
        -12,
        -10,
        -8,
        -6,
        -4
    ],
    "sf": 7
}