{
    "ChirpSmoother": [
        0.9921875,
        1.0
    ],
    "LoRa Trimmer": [
        0.96875,
        1.0
    ],
    "LoRaPHY-CPA": [
        0.7421875,
        0.9140625
    ],
    "LoRaPHY-FPA": [
        0.7109375,
        0.921875
    ],
    "MFFT": [
        0.7578125,
        0.953125
    ],
    "HFFT": [
        0.765625,
        0.96875
    ],
    "snr_range": [
        -18,
        -15
    ],
    "sf": 7
}