{
    "ChirpSmoother": [
        0.4919921875,
        0.487939453125,
        0.4871826171875,
        0.4806640625,
        0.4725830078125,
        0.4597412109375,
        0.4378173828125,
        0.3962890625,
        0.3432861328125,
        0.2716064453125,
        0.191552734375,
        0.11015625,
        0.0523681640625,
        0.0152099609375,
        0.0032470703125,
        0.0002685546875,
        0.0,
        0.0,
        0.0,
        0.0,
        0.0,
        0.0,
        0.0,
        0.0,
        0.0,
        0.0,
        0.0,
        0.0,
        0.0,
        0.0,
        0.0,
        0.0,
        0.0,
        0.0,
        0.0,
        0.0,
        0.0,
        0.0
    ],
    "LoRa Trimmer": [
        0.49580078125,
        0.4925537109375,
        0.4869384765625,
        0.48818359375,
        0.4830078125,
        0.4705810546875,
        0.4579345703125,
        0.4318359375,
        0.389306640625,
        0.3414794921875,
        0.2720947265625,
        0.19052734375,
        0.1104248046875,
        0.0482666015625,
        0.01435546875,
        0.004296875,
        0.0001953125,
        0.0,
        0.0,
        0.0,
        0.0,
        0.0,
        0.0,
        0.0,
        0.0,
        0.0,
        0.0,
        0.0,
        0.0,
        0.0,
        0.0,
        0.0,
        0.0,
        0.0,
        0.0,
        0.0,
        0.0,
        0.0
    ],
    "LoRaPHY-CPA": [
        0.501953125,
        0.496923828125,
        0.4989990234375,
        0.49765625,
        0.491162109375,
        0.492138671875,
        0.484375,
        0.4739013671875,
        0.4619140625,
        0.4357177734375,
        0.413623046875,
        0.353271484375,
        0.2785888671875,
        0.1960693359375,
        0.1129638671875,
        0.0571044921875,
        0.0235595703125,
        0.0129150390625,
        0.00830078125,
        0.005224609375,
        0.00419921875,
        0.0018798828125,
        0.0013427734375,
        0.0008056640625,
        0.0003662109375,
        0.0001953125,
        0.0,
        4.8828125e-05,
        0.0,
        0.0,
        0.0,
        0.0,
        0.0,
        0.0,
        0.0,
        0.0,
        0.0,
        0.0
    ],
    "LoRaPHY-FPA": [
        0.495166015625,
        0.495703125,
        0.4931884765625,
        0.4969482421875,
        0.49462890625,
        0.490185546875,
        0.476806640625,
        0.47109375,
        0.4614990234375,
        0.4424072265625,
        0.406982421875,
        0.348583984375,
        0.2745361328125,
        0.20234375,
        0.11806640625,
        0.0571533203125,
        0.026123046875,
        0.011181640625,
        0.0087158203125,
        0.005419921875,
        0.0036865234375,
        0.0023681640625,
        0.001416015625,
        0.0009521484375,
        0.000341796875,
        0.0002197265625,
        0.000146484375,
        0.0,
        0.0,
        0.0,
        0.0,
        0.0,
        0.0,
        0.0,
        0.0,
        0.0,
        0.0,
        0.0
    ],
    "MFFT": [
        0.49404296875,
        0.494482421875,
        0.4969970703125,
        0.491162109375,
        0.491748046875,
        0.489306640625,
        0.484033203125,
        0.4729248046875,
        0.45908203125,
        0.435888671875,
        0.3960693359375,
        0.342919921875,
        0.272705078125,
        0.1879150390625,
        0.1116943359375,
        0.0515625,
        0.0211181640625,
        0.00908203125,
        0.002880859375,
        0.0013916015625,
        0.0006591796875,
        9.765625e-05,
        0.000244140625,
        0.0,
        0.0,
        0.0,
        0.0,
        0.0,
        0.0,
        0.0,
        0.0,
        0.0,
        0.0,
        0.0,
        0.0,
        0.0,
        0.0,
        0.0
    ],
    "HFFT": [
        0.49638671875,
        0.4937744140625,
        0.4974609375,
        0.4904541015625,
        0.4947509765625,
        0.4792724609375,
        0.47236328125,
        0.4566650390625,
        0.4300048828125,
        0.3962646484375,
        0.35439453125,
        0.28896484375,
        0.2298095703125,
        0.170654296875,
        0.110205078125,
        0.0646484375,
        0.0325927734375,
        0.0152587890625,
        0.0069580078125,
        0.0039306640625,
        0.002099609375,
        0.0011962890625,
        0.000244140625,
        9.765625e-05,
        7.32421875e-05,
        0.0,
        2.44140625e-05,
        0.0,
        0.0,
        0.0,
        0.0,
        0.0,
        0.0,
        0.0,
        0.0,
        0.0,
        0.0,
        0.0
    ],
    "snr_range": [
        -40,
        -39,
        -38,
        -37,
        -36,
        -35,
        -34,
        -33,
        -32,
        -31,
        -30,
        -29,
        -28,
        -27,
        -26,
        -25,
        -24,
        -23,
        -22,
        -21,
        -20,
        -19,
        -18,
        -17,
        -16,
        -15,
        -14,
        -13,
        -12,
        -11,
        -10,
        -9,
        -8,
        -7,
        -6,
        -5,
        -4,
        -3
    ],
    "sf": 10
}