{
    "ChirpSmoother": [
        0.0087890625,
        0.015869140625,
        0.0185546875,
        0.02685546875,
        0.034423828125,
        0.069580078125,
        0.12109375,
        0.216552734375,
        0.401611328125,
        0.6953125,
        0.8974609375,
        0.99169921875,
        0.999267578125,
        1.0,
        1.0,
        1.0,
        1.0,
        1.0,
        1.0
    ],
    "LoRa Trimmer": [
        0.009521484375,
        0.01220703125,
        0.0146484375,
        0.0205078125,
        0.03076171875,
        0.043212890625,
        0.0849609375,
        0.169677734375,
        0.326416015625,
        0.537841796875,
        0.7978515625,
        0.957763671875,
        0.997802734375,
        1.0,
        1.0,
        1.0,
        1.0,
        1.0,
        1.0
    ],
    "LoRaPHY-CPA": [
        0.01025390625,
        0.010986328125,
        0.0107421875,
        0.013671875,
        0.020751953125,
        0.0263671875,
        0.041259765625,
        0.0703125,
        0.1318359375,
        0.2626953125,
        0.477783203125,
        0.725341796875,
        0.893798828125,
        0.9501953125,
        0.96875,
        0.989990234375,
        0.996826171875,
        0.999267578125,
        1.0
    ],
    "LoRaPHY-FPA": [
        0.0068359375,
        0.010498046875,
        0.010498046875,
        0.0107421875,
        0.01806640625,
        0.02783203125,
        0.039794921875,
        0.066650390625,
        0.13330078125,
        0.25830078125,
        0.4658203125,
        0.728271484375,
        0.885498046875,
        0.943603515625,
        0.968505859375,
        0.989501953125,
        0.997314453125,
        0.999755859375,
        0.999755859375
    ],
    "MFFT": [
        0.0078125,
        0.009521484375,
        0.011474609375,
        0.01318359375,
        0.02099609375,
        0.025146484375,
        0.043701171875,
        0.072265625,
        0.147705078125,
        0.279296875,
        0.507568359375,
        0.759033203125,
        0.91650390625,
        0.972412109375,
        0.9921875,
        0.9970703125,
        1.0,
        1.0,
        1.0
    ],
    "HFFT": [
        0.011474609375,
        0.01171875,
        0.014404296875,
        0.0205078125,
        0.024658203125,
        0.03271484375,
        0.05712890625,
        0.107177734375,
        0.20703125,
        0.364990234375,
        0.587890625,
        0.773681640625,
        0.9091796875,
        0.963134765625,
        0.984619140625,
        0.995849609375,
        0.998779296875,
        0.999755859375,
        1.0
    ],
    "snr_range": [
        -40,
        -38,
        -36,
        -34,
        -32,
        -30,
        -28,
        -26,
        -24,
        -22,
        -20,
        -18,
        -16,
        -14,
        -12,
        -10,
        -8,
        -6,
        -4
    ],
    "sf": 7
}