{
    "our": [
        0.0,
        0.01953125,
        0.0078125,
        0.01953125,
        0.05078125,
        0.05078125,
        0.1015625,
        0.2421875,
        0.44140625,
        0.6796875,
        0.875,
        0.98828125,
        1.0,
        1.0,
        1.0,
        1.0,
        1.0,
        1.0,
        1.0
    ],
    "our_IQ": [
        0.00390625,
        0.0078125,
        0.01953125,
        0.04296875,
        0.05078125,
        0.0625,
        0.109375,
        0.24609375,
        0.42578125,
        0.69921875,
        0.9140625,
        0.984375,
        1.0,
        1.0,
        1.0,
        1.0,
        1.0,
        1.0,
        1.0
    ],
    "our_IQ_multi_channel": [
        0.01171875,
        0.0,
        0.00390625,
        0.02734375,
        0.0625,
        0.078125,
        0.11328125,
        0.21875,
        0.38671875,
        0.62890625,
        0.890625,
        1.0,
        1.0,
        1.0,
        1.0,
        1.0,
        1.0,
        1.0,
        1.0
    ],
    "snr_range": [
        -40,
        -38,
        -36,
        -34,
        -32,
        -30,
        -28,
        -26,
        -24,
        -22,
        -20,
        -18,
        -16,
        -14,
        -12,
        -10,
        -8,
        -6,
        -4
    ],
    "sf": 7
}