{
    "our": [
        0.0126953125,
        0.013671875,
        0.013671875,
        0.0224609375,
        0.0380859375,
        0.0595703125,
        0.1123046875,
        0.2109375,
        0.3994140625,
        0.701171875,
        0.904296875,
        0.9970703125,
        1.0,
        1.0,
        1.0,
        1.0,
        1.0,
        1.0,
        1.0
    ],
    "our_IQ": [
        0.0087890625,
        0.015625,
        0.0166015625,
        0.0263671875,
        0.0361328125,
        0.0771484375,
        0.1103515625,
        0.2080078125,
        0.4072265625,
        0.6513671875,
        0.900390625,
        0.9912109375,
        1.0,
        1.0,
        1.0,
        1.0,
        1.0,
        1.0,
        1.0
    ],
    "snr_range": [
        -40,
        -38,
        -36,
        -34,
        -32,
        -30,
        -28,
        -26,
        -24,
        -22,
        -20,
        -18,
        -16,
        -14,
        -12,
        -10,
        -8,
        -6,
        -4
    ],
    "sf": 7
}