{
    "our": [
        0.011962890625,
        0.017822265625,
        0.018798828125,
        0.025634765625,
        0.038818359375,
        0.06787109375,
        0.120361328125,
        0.223388671875,
        0.396240234375,
        0.671142578125,
        0.89111328125,
        0.9921875,
        0.99951171875,
        1.0,
        1.0,
        1.0,
        1.0,
        1.0,
        1.0
    ],
    "our_IQ": [
        0.01171875,
        0.011962890625,
        0.016845703125,
        0.021728515625,
        0.037841796875,
        0.06787109375,
        0.114501953125,
        0.2236328125,
        0.3916015625,
        0.677734375,
        0.91015625,
        0.98876953125,
        0.999755859375,
        1.0,
        1.0,
        1.0,
        1.0,
        1.0,
        1.0
    ],
    "our_IQ_multi_channel": [
        0.01220703125,
        0.014892578125,
        0.016845703125,
        0.02490234375,
        0.033203125,
        0.062255859375,
        0.1181640625,
        0.216064453125,
        0.416015625,
        0.666748046875,
        0.902099609375,
        0.9912109375,
        1.0,
        1.0,
        1.0,
        1.0,
        1.0,
        1.0,
        1.0
    ],
    "snr_range": [
        -40,
        -38,
        -36,
        -34,
        -32,
        -30,
        -28,
        -26,
        -24,
        -22,
        -20,
        -18,
        -16,
        -14,
        -12,
        -10,
        -8,
        -6,
        -4
    ],
    "sf": 7
}