{
    "ChirpSmoother": [
        0.011962890625,
        0.014404296875,
        0.029052734375,
        0.051513671875,
        0.116455078125,
        0.305419921875,
        0.67041015625,
        0.9619140625,
        1.0,
        1.0,
        1.0,
        1.0,
        1.0
    ],
    "LoRa Trimmer": [
        0.010986328125,
        0.015380859375,
        0.02001953125,
        0.035888671875,
        0.079833984375,
        0.219970703125,
        0.552490234375,
        0.904541015625,
        0.996826171875,
        1.0,
        1.0,
        1.0,
        1.0
    ],
    "LoRaPHY-CPA": [
        0.007568359375,
        0.008544921875,
        0.012451171875,
        0.02197265625,
        0.041748046875,
        0.1025390625,
        0.264404296875,
        0.59228515625,
        0.887451171875,
        0.962890625,
        0.984375,
        0.997314453125,
        1.0
    ],
    "LoRaPHY-FPA": [
        0.01171875,
        0.010986328125,
        0.0146484375,
        0.01708984375,
        0.0380859375,
        0.09716796875,
        0.257568359375,
        0.598388671875,
        0.8857421875,
        0.95849609375,
        0.990478515625,
        0.9990234375,
        1.0
    ],
    "MFFT": [
        0.01025390625,
        0.01171875,
        0.013916015625,
        0.023193359375,
        0.04345703125,
        0.11181640625,
        0.27685546875,
        0.64208984375,
        0.916015625,
        0.980224609375,
        0.999755859375,
        1.0,
        1.0
    ],
    "HFFT": [
        0.009765625,
        0.013916015625,
        0.0126953125,
        0.0302734375,
        0.061767578125,
        0.151123046875,
        0.3701171875,
        0.68310546875,
        0.90673828125,
        0.978271484375,
        0.994140625,
        0.99951171875,
        1.0
    ],
    "snr_range": [
        -40,
        -37,
        -34,
        -31,
        -28,
        -25,
        -22,
        -19,
        -16,
        -13,
        -10,
        -7,
        -4
    ],
    "sf": 7
}