{
    "ChirpSmoother": [
        0.000732421875,
        0.000244140625,
        0.0009765625,
        0.000732421875,
        0.00048828125,
        0.0009765625,
        0.00048828125,
        0.000244140625,
        0.00048828125,
        0.001708984375,
        0.000732421875,
        0.001708984375,
        0.001220703125
    ],
    "LoRa Trimmer": [
        0.001708984375,
        0.0,
        0.00048828125,
        0.00048828125,
        0.001953125,
        0.00146484375,
        0.001220703125,
        0.000732421875,
        0.000732421875,
        0.0,
        0.0,
        0.000244140625,
        0.000244140625
    ],
    "LoRaPHY-CPA": [
        0.00048828125,
        0.001220703125,
        0.000732421875,
        0.00048828125,
        0.00048828125,
        0.0029296875,
        0.00048828125,
        0.00048828125,
        0.000244140625,
        0.000732421875,
        0.00146484375,
        0.0009765625,
        0.0
    ],
    "LoRaPHY-FPA": [
        0.000244140625,
        0.00146484375,
        0.00048828125,
        0.00048828125,
        0.0009765625,
        0.000732421875,
        0.00146484375,
        0.0009765625,
        0.00146484375,
        0.000244140625,
        0.000732421875,
        0.0,
        0.000244140625
    ],
    "MFFT": [
        0.00048828125,
        0.00048828125,
        0.001953125,
        0.0009765625,
        0.001708984375,
        0.002197265625,
        0.000244140625,
        0.001708984375,
        0.001708984375,
        0.0009765625,
        0.00048828125,
        0.001220703125,
        0.0
    ],
    "HFFT": [
        0.0009765625,
        0.000244140625,
        0.001220703125,
        0.0009765625,
        0.00146484375,
        0.0009765625,
        0.001220703125,
        0.000732421875,
        0.000244140625,
        0.000732421875,
        0.000732421875,
        0.000244140625,
        0.000732421875
    ],
    "snr_range": [
        -40,
        -37,
        -34,
        -31,
        -28,
        -25,
        -22,
        -19,
        -16,
        -13,
        -10,
        -7,
        -4
    ],
    "sf": 10
}