{
    "ChirpSmoother": [
        0.01220703125,
        0.014892578125,
        0.026123046875,
        0.054931640625,
        0.132568359375,
        0.292236328125,
        0.667724609375,
        0.961181640625,
        0.999755859375,
        1.0,
        1.0,
        1.0,
        1.0
    ],
    "LoRa Trimmer": [
        0.009033203125,
        0.015869140625,
        0.02490234375,
        0.043701171875,
        0.076904296875,
        0.229248046875,
        0.53466796875,
        0.898193359375,
        0.99755859375,
        1.0,
        1.0,
        1.0,
        1.0
    ],
    "LoRaPHY-CPA": [
        0.009765625,
        0.0126953125,
        0.014892578125,
        0.023681640625,
        0.041748046875,
        0.10107421875,
        0.256103515625,
        0.61669921875,
        0.888671875,
        0.9609375,
        0.98779296875,
        0.999267578125,
        1.0
    ],
    "LoRaPHY-FPA": [
        0.0078125,
        0.0078125,
        0.014892578125,
        0.023681640625,
        0.04638671875,
        0.101318359375,
        0.2666015625,
        0.6025390625,
        0.894287109375,
        0.96142578125,
        0.9873046875,
        0.998046875,
        1.0
    ],
    "MFFT": [
        0.010009765625,
        0.01318359375,
        0.010986328125,
        0.027587890625,
        0.04541015625,
        0.094482421875,
        0.27490234375,
        0.634033203125,
        0.918212890625,
        0.9833984375,
        0.999267578125,
        1.0,
        1.0
    ],
    "HFFT": [
        0.011962890625,
        0.0126953125,
        0.0185546875,
        0.030029296875,
        0.06005859375,
        0.154296875,
        0.3671875,
        0.681640625,
        0.9052734375,
        0.98095703125,
        0.996337890625,
        0.99951171875,
        1.0
    ],
    "snr_range": [
        -40,
        -37,
        -34,
        -31,
        -28,
        -25,
        -22,
        -19,
        -16,
        -13,
        -10,
        -7,
        -4
    ],
    "sf": 7
}