{
    "ChirpSmoother": [
        0.015625,
        0.0078125,
        0.0546875,
        0.0390625,
        0.140625,
        0.2890625,
        0.71875,
        0.953125,
        1.0,
        1.0,
        1.0,
        1.0,
        1.0
    ],
    "LoRa Trimmer": [
        0.0078125,
        0.0078125,
        0.0,
        0.0625,
        0.0859375,
        0.2265625,
        0.5703125,
        0.8984375,
        1.0,
        1.0,
        1.0,
        1.0,
        1.0
    ],
    "LoRaPHY-CPA": [
        0.0,
        0.0078125,
        0.0,
        0.0078125,
        0.046875,
        0.0390625,
        0.265625,
        0.546875,
        0.8984375,
        0.953125,
        0.9921875,
        1.0,
        1.0
    ],
    "LoRaPHY-FPA": [
        0.0,
        0.0,
        0.0234375,
        0.03125,
        0.03125,
        0.1015625,
        0.2421875,
        0.5703125,
        0.875,
        0.96875,
        1.0,
        1.0,
        1.0
    ],
    "MFFT": [
        0.0,
        0.015625,
        0.0234375,
        0.015625,
        0.0546875,
        0.125,
        0.3203125,
        0.609375,
        0.875,
        0.9765625,
        1.0,
        1.0,
        1.0
    ],
    "HFFT": [
        0.0078125,
        0.0078125,
        0.03125,
        0.0,
        0.0234375,
        0.1640625,
        0.421875,
        0.6953125,
        0.9296875,
        0.9765625,
        1.0,
        1.0,
        1.0
    ],
    "snr_range": [
        -40,
        -37,
        -34,
        -31,
        -28,
        -25,
        -22,
        -19,
        -16,
        -13,
        -10,
        -7,
        -4
    ],
    "sf": 7
}