{
    "ChirpSmoother": [
        0.4899631076388889,
        0.4783257378472222,
        0.467041015625,
        0.45751953125,
        0.4116753472222222,
        0.3691948784722222,
        0.2928602430555556,
        0.2211642795138889,
        0.14173719618055555,
        0.0654568142361111,
        0.024441189236111112,
        0.004909939236111111,
        0.0005154079861111111,
        0.00018988715277777778,
        0.0,
        0.0,
        0.0,
        0.0,
        0.0,
        0.0,
        0.0,
        0.0,
        0.0,
        0.0,
        0.0,
        0.0,
        0.0,
        0.0,
        0.0,
        0.0,
        0.0,
        0.0,
        0.0,
        0.0,
        0.0,
        0.0,
        0.0,
        0.0
    ],
    "LoRa Trimmer": [
        0.4949001736111111,
        0.4917263454861111,
        0.4780002170138889,
        0.46826171875,
        0.4479166666666667,
        0.4151204427083333,
        0.3736707899305556,
        0.3012424045138889,
        0.2197808159722222,
        0.14013671875,
        0.06974283854166667,
        0.025634765625,
        0.003933376736111111,
        0.0005967881944444445,
        0.0,
        0.0,
        0.0,
        0.0,
        0.0,
        0.0,
        0.0,
        0.0,
        0.0,
        0.0,
        0.0,
        0.0,
        0.0,
        0.0,
        0.0,
        0.0,
        0.0,
        0.0,
        0.0,
        0.0,
        0.0,
        0.0,
        0.0,
        0.0
    ],
    "LoRaPHY-CPA": [
        0.4979112413194444,
        0.4961480034722222,
        0.4878200954861111,
        0.4891221788194444,
        0.485595703125,
        0.4840766059027778,
        0.458740234375,
        0.430419921875,
        0.3787977430555556,
        0.3085666232638889,
        0.2250434027777778,
        0.1376681857638889,
        0.06201171875,
        0.021538628472222224,
        0.005723741319444444,
        0.0016004774305555555,
        0.001491970486111111,
        0.001220703125,
        0.0008951822916666666,
        0.00010850694444444444,
        5.425347222222222e-05,
        8.138020833333333e-05,
        0.0,
        0.0,
        0.0,
        0.0,
        0.0,
        0.0,
        0.0,
        0.0,
        0.0,
        0.0,
        0.0,
        0.0,
        0.0,
        0.0,
        0.0,
        0.0
    ],
    "LoRaPHY-FPA": [
        0.4958224826388889,
        0.5016818576388888,
        0.4940321180555556,
        0.4905598958333333,
        0.4797092013888889,
        0.4713812934027778,
        0.4539388020833333,
        0.4273546006944444,
        0.3751085069444444,
        0.3036838107638889,
        0.22216796875,
        0.13170030381944445,
        0.055013020833333336,
        0.021918402777777776,
        0.005018446180555556,
        0.0025227864583333335,
        0.001193576388888889,
        0.0008680555555555555,
        0.0007595486111111111,
        0.00037977430555555556,
        5.425347222222222e-05,
        2.712673611111111e-05,
        0.0,
        0.0,
        2.712673611111111e-05,
        0.0,
        0.0,
        0.0,
        0.0,
        0.0,
        0.0,
        0.0,
        0.0,
        0.0,
        0.0,
        0.0,
        0.0,
        0.0
    ],
    "MFFT": [
        0.4966091579861111,
        0.4967719184027778,
        0.4870876736111111,
        0.4925944010416667,
        0.4793836805555556,
        0.4742296006944444,
        0.4464789496527778,
        0.4189995659722222,
        0.3806694878472222,
        0.3066134982638889,
        0.22376844618055555,
        0.13289388020833334,
        0.062445746527777776,
        0.019015842013888888,
        0.005099826388888889,
        0.001193576388888889,
        0.0004069010416666667,
        0.0002712673611111111,
        0.00013563368055555556,
        0.00010850694444444444,
        0.0,
        0.0,
        0.0,
        0.0,
        0.0,
        0.0,
        0.0,
        0.0,
        0.0,
        0.0,
        0.0,
        0.0,
        0.0,
        0.0,
        0.0,
        0.0,
        0.0,
        0.0
    ],
    "HFFT": [
        0.4975314670138889,
        0.4928927951388889,
        0.4844292534722222,
        0.4795464409722222,
        0.4699978298611111,
        0.447265625,
        0.4211968315972222,
        0.3713107638888889,
        0.3274197048611111,
        0.260498046875,
        0.190185546875,
        0.12980143229166666,
        0.0740017361111111,
        0.03857421875,
        0.014594184027777778,
        0.006239149305555556,
        0.0011664496527777778,
        0.00029839409722222225,
        0.00021701388888888888,
        0.00016276041666666666,
        0.0,
        0.0,
        0.0,
        0.0,
        0.0,
        0.0,
        0.0,
        0.0,
        0.0,
        0.0,
        0.0,
        0.0,
        0.0,
        0.0,
        0.0,
        0.0,
        0.0,
        0.0
    ],
    "snr_range": [
        -40,
        -39,
        -38,
        -37,
        -36,
        -35,
        -34,
        -33,
        -32,
        -31,
        -30,
        -29,
        -28,
        -27,
        -26,
        -25,
        -24,
        -23,
        -22,
        -21,
        -20,
        -19,
        -18,
        -17,
        -16,
        -15,
        -14,
        -13,
        -12,
        -11,
        -10,
        -9,
        -8,
        -7,
        -6,
        -5,
        -4,
        -3
    ],
    "sf": 11
}