{
    "ChirpSmoother": [
        0.4616455078125,
        0.43515625,
        0.4017333984375,
        0.3365478515625,
        0.2534423828125,
        0.1677734375,
        0.091064453125,
        0.0331787109375,
        0.0067626953125,
        0.001025390625,
        0.0001708984375,
        0.0,
        0.0,
        0.0,
        0.0,
        0.0,
        0.0,
        0.0,
        0.0,
        0.0,
        0.0,
        0.0,
        0.0,
        0.0,
        0.0,
        0.0,
        0.0,
        0.0,
        0.0,
        0.0,
        0.0,
        0.0,
        0.0,
        0.0,
        0.0,
        0.0,
        0.0,
        0.0
    ],
    "LoRa Trimmer": [
        0.4791748046875,
        0.4574462890625,
        0.4390380859375,
        0.39248046875,
        0.3326904296875,
        0.250927734375,
        0.171826171875,
        0.08525390625,
        0.0314697265625,
        0.0068115234375,
        0.001123046875,
        0.0,
        0.0,
        0.0,
        0.0,
        0.0,
        0.0,
        0.0,
        0.0,
        0.0,
        0.0,
        0.0,
        0.0,
        0.0,
        0.0,
        0.0,
        0.0,
        0.0,
        0.0,
        0.0,
        0.0,
        0.0,
        0.0,
        0.0,
        0.0,
        0.0,
        0.0,
        0.0
    ],
    "LoRaPHY-CPA": [
        0.497314453125,
        0.4858154296875,
        0.4822509765625,
        0.46748046875,
        0.4405517578125,
        0.4001220703125,
        0.3429443359375,
        0.262744140625,
        0.1645751953125,
        0.0781005859375,
        0.0228271484375,
        0.0068359375,
        0.002880859375,
        0.001708984375,
        0.0013671875,
        0.000537109375,
        0.0004638671875,
        0.000244140625,
        2.44140625e-05,
        2.44140625e-05,
        0.0,
        0.0,
        0.0,
        0.0,
        0.0,
        0.0,
        0.0,
        0.0,
        0.0,
        0.0,
        0.0,
        0.0,
        0.0,
        0.0,
        0.0,
        0.0,
        0.0,
        0.0
    ],
    "LoRaPHY-FPA": [
        0.4941162109375,
        0.491943359375,
        0.4803466796875,
        0.4666748046875,
        0.43955078125,
        0.40546875,
        0.3461669921875,
        0.2625244140625,
        0.164111328125,
        0.0773193359375,
        0.02490234375,
        0.0065673828125,
        0.0027587890625,
        0.001513671875,
        0.001123046875,
        0.000439453125,
        0.0003662109375,
        7.32421875e-05,
        4.8828125e-05,
        7.32421875e-05,
        0.0,
        0.0,
        0.0,
        0.0,
        0.0,
        0.0,
        0.0,
        0.0,
        0.0,
        0.0,
        0.0,
        0.0,
        0.0,
        0.0,
        0.0,
        0.0,
        0.0,
        0.0
    ],
    "MFFT": [
        0.4935546875,
        0.4841796875,
        0.477978515625,
        0.46591796875,
        0.445458984375,
        0.395556640625,
        0.328173828125,
        0.2557373046875,
        0.1572265625,
        0.0800537109375,
        0.0242431640625,
        0.0065185546875,
        0.0008544921875,
        0.0006103515625,
        0.000341796875,
        0.0001220703125,
        0.0,
        0.0,
        0.0,
        0.0,
        0.0,
        0.0,
        0.0,
        0.0,
        0.0,
        0.0,
        0.0,
        0.0,
        0.0,
        0.0,
        0.0,
        0.0,
        0.0,
        0.0,
        0.0,
        0.0,
        0.0,
        0.0
    ],
    "HFFT": [
        0.4885986328125,
        0.4773193359375,
        0.46201171875,
        0.4356201171875,
        0.3955078125,
        0.3434814453125,
        0.2827392578125,
        0.210400390625,
        0.150390625,
        0.0888916015625,
        0.0488037109375,
        0.01845703125,
        0.007861328125,
        0.0015869140625,
        0.000634765625,
        0.0002685546875,
        7.32421875e-05,
        0.0,
        0.0,
        0.0,
        0.0,
        0.0,
        0.0,
        0.0,
        0.0,
        0.0,
        0.0,
        0.0,
        0.0,
        0.0,
        0.0,
        0.0,
        0.0,
        0.0,
        0.0,
        0.0,
        0.0,
        0.0
    ],
    "snr_range": [
        -40,
        -39,
        -38,
        -37,
        -36,
        -35,
        -34,
        -33,
        -32,
        -31,
        -30,
        -29,
        -28,
        -27,
        -26,
        -25,
        -24,
        -23,
        -22,
        -21,
        -20,
        -19,
        -18,
        -17,
        -16,
        -15,
        -14,
        -13,
        -12,
        -11,
        -10,
        -9,
        -8,
        -7,
        -6,
        -5,
        -4,
        -3
    ],
    "sf": 12
}