{
    "ChirpSmoother": [
        0.015625,
        0.0,
        0.0078125,
        0.03125,
        0.03125,
        0.078125,
        0.1015625,
        0.15625,
        0.4453125,
        0.6796875,
        0.90625,
        0.9921875,
        1.0,
        1.0,
        1.0,
        1.0,
        1.0,
        1.0,
        1.0
    ],
    "LoRa Trimmer": [
        0.015625,
        0.0,
        0.046875,
        0.03125,
        0.03125,
        0.0703125,
        0.09375,
        0.15625,
        0.28125,
        0.5390625,
        0.7890625,
        0.9609375,
        0.9921875,
        1.0,
        1.0,
        1.0,
        1.0,
        1.0,
        1.0
    ],
    "LoRaPHY-CPA": [
        0.0078125,
        0.0234375,
        0.0078125,
        0.0,
        0.0234375,
        0.03125,
        0.0234375,
        0.0625,
        0.171875,
        0.3203125,
        0.5234375,
        0.7890625,
        0.8515625,
        0.9296875,
        1.0,
        1.0,
        0.9921875,
        0.9921875,
        1.0
    ],
    "LoRaPHY-FPA": [
        0.0078125,
        0.0,
        0.0078125,
        0.0,
        0.0234375,
        0.0234375,
        0.0625,
        0.078125,
        0.1640625,
        0.328125,
        0.5078125,
        0.6796875,
        0.9375,
        0.9375,
        0.953125,
        0.9921875,
        1.0,
        1.0,
        1.0
    ],
    "MFFT": [
        0.0234375,
        0.03125,
        0.015625,
        0.0390625,
        0.015625,
        0.0234375,
        0.0234375,
        0.09375,
        0.125,
        0.3046875,
        0.5234375,
        0.734375,
        0.9296875,
        0.953125,
        1.0,
        1.0,
        1.0,
        1.0,
        1.0
    ],
    "HFFT": [
        0.0,
        0.0,
        0.015625,
        0.0078125,
        0.015625,
        0.0546875,
        0.0546875,
        0.0859375,
        0.1796875,
        0.3515625,
        0.546875,
        0.734375,
        0.9140625,
        0.9921875,
        0.984375,
        0.9921875,
        0.9921875,
        1.0,
        1.0
    ],
    "snr_range": [
        -40,
        -38,
        -36,
        -34,
        -32,
        -30,
        -28,
        -26,
        -24,
        -22,
        -20,
        -18,
        -16,
        -14,
        -12,
        -10,
        -8,
        -6,
        -4
    ],
    "sf": 7
}