{
    "our": [
        0.0107421875,
        0.0087890625,
        0.0224609375,
        0.0283203125,
        0.0419921875,
        0.0634765625,
        0.119140625,
        0.208984375,
        0.400390625,
        0.7109375,
        0.892578125,
        0.9892578125,
        1.0,
        1.0,
        1.0,
        1.0,
        1.0,
        1.0,
        1.0
    ],
    "our_IQ": [
        0.0107421875,
        0.0146484375,
        0.0166015625,
        0.033203125,
        0.03125,
        0.06640625,
        0.0986328125,
        0.240234375,
        0.3984375,
        0.6689453125,
        0.87890625,
        0.9892578125,
        1.0,
        1.0,
        1.0,
        1.0,
        1.0,
        1.0,
        1.0
    ],
    "hfft_decode": [
        0.0078125,
        0.0068359375,
        0.0087890625,
        0.021484375,
        0.025390625,
        0.03515625,
        0.0654296875,
        0.12109375,
        0.205078125,
        0.3515625,
        0.5771484375,
        0.7744140625,
        0.9013671875,
        0.9541015625,
        0.984375,
        0.9931640625,
        0.99609375,
        1.0,
        1.0
    ],
    "LoRa Trimmer": [
        0.0126953125,
        0.009765625,
        0.015625,
        0.0224609375,
        0.0283203125,
        0.0478515625,
        0.0947265625,
        0.1611328125,
        0.2998046875,
        0.5654296875,
        0.8193359375,
        0.96484375,
        0.998046875,
        1.0,
        1.0,
        1.0,
        1.0,
        1.0,
        1.0
    ],
    "LoRaPHY": [
        0.0087890625,
        0.01171875,
        0.0126953125,
        0.0185546875,
        0.015625,
        0.0263671875,
        0.04296875,
        0.076171875,
        0.1357421875,
        0.2548828125,
        0.4619140625,
        0.701171875,
        0.876953125,
        0.94921875,
        0.978515625,
        0.986328125,
        1.0,
        1.0,
        1.0
    ],
    "snr_range": [
        -40,
        -38,
        -36,
        -34,
        -32,
        -30,
        -28,
        -26,
        -24,
        -22,
        -20,
        -18,
        -16,
        -14,
        -12,
        -10,
        -8,
        -6,
        -4
    ],
    "sf": 7
}