{
    "ChirpSmoother": [
        0.01123046875,
        0.01318359375,
        0.014404296875,
        0.014404296875,
        0.01708984375,
        0.0244140625,
        0.027099609375,
        0.0322265625,
        0.040283203125,
        0.0556640625,
        0.06787109375,
        0.086181640625,
        0.1220703125,
        0.161376953125,
        0.226806640625,
        0.296142578125,
        0.421875,
        0.53857421875,
        0.667236328125,
        0.793212890625,
        0.89892578125,
        0.963134765625,
        0.992431640625,
        0.998046875,
        0.999755859375,
        1.0,
        1.0,
        1.0,
        1.0,
        1.0,
        1.0,
        1.0,
        1.0,
        1.0,
        1.0,
        1.0,
        1.0,
        1.0
    ],
    "LoRa Trimmer": [
        0.008056640625,
        0.01025390625,
        0.0126953125,
        0.016357421875,
        0.0166015625,
        0.016357421875,
        0.025146484375,
        0.02392578125,
        0.033203125,
        0.04150390625,
        0.06103515625,
        0.06689453125,
        0.091552734375,
        0.12255859375,
        0.1630859375,
        0.232666015625,
        0.317626953125,
        0.406494140625,
        0.535888671875,
        0.672119140625,
        0.794921875,
        0.89697265625,
        0.9599609375,
        0.990478515625,
        0.997802734375,
        0.999755859375,
        1.0,
        1.0,
        1.0,
        1.0,
        1.0,
        1.0,
        1.0,
        1.0,
        1.0,
        1.0,
        1.0,
        1.0
    ],
    "LoRaPHY-CPA": [
        0.0068359375,
        0.01025390625,
        0.009033203125,
        0.010498046875,
        0.0126953125,
        0.013427734375,
        0.0185546875,
        0.0166015625,
        0.0205078125,
        0.021240234375,
        0.02978515625,
        0.025634765625,
        0.0400390625,
        0.05810546875,
        0.07177734375,
        0.103759765625,
        0.134765625,
        0.181396484375,
        0.263427734375,
        0.3515625,
        0.466796875,
        0.599609375,
        0.732666015625,
        0.83056640625,
        0.890869140625,
        0.915283203125,
        0.94287109375,
        0.959716796875,
        0.974365234375,
        0.97998046875,
        0.9892578125,
        0.9931640625,
        0.994384765625,
        0.998046875,
        0.99951171875,
        1.0,
        1.0,
        1.0
    ],
    "LoRaPHY-FPA": [
        0.0068359375,
        0.011474609375,
        0.01025390625,
        0.010009765625,
        0.01220703125,
        0.014404296875,
        0.01123046875,
        0.011962890625,
        0.021484375,
        0.02099609375,
        0.0244140625,
        0.03662109375,
        0.04248046875,
        0.0576171875,
        0.07470703125,
        0.093017578125,
        0.13623046875,
        0.188720703125,
        0.24560546875,
        0.3623046875,
        0.4658203125,
        0.611083984375,
        0.720947265625,
        0.83349609375,
        0.88427734375,
        0.92578125,
        0.945556640625,
        0.962158203125,
        0.973388671875,
        0.981689453125,
        0.989501953125,
        0.9921875,
        0.994384765625,
        0.998046875,
        0.9990234375,
        0.999755859375,
        1.0,
        1.0
    ],
    "MFFT": [
        0.0068359375,
        0.009033203125,
        0.0087890625,
        0.012451171875,
        0.010498046875,
        0.01123046875,
        0.014892578125,
        0.017822265625,
        0.01953125,
        0.02294921875,
        0.028564453125,
        0.0361328125,
        0.045654296875,
        0.0537109375,
        0.07373046875,
        0.10595703125,
        0.145263671875,
        0.198974609375,
        0.28759765625,
        0.370849609375,
        0.493896484375,
        0.634033203125,
        0.760498046875,
        0.859130859375,
        0.92041015625,
        0.95751953125,
        0.97021484375,
        0.982666015625,
        0.98974609375,
        0.99560546875,
        0.998779296875,
        0.99951171875,
        0.999755859375,
        1.0,
        1.0,
        1.0,
        1.0,
        1.0
    ],
    "HFFT": [
        0.010986328125,
        0.010009765625,
        0.01171875,
        0.01220703125,
        0.013671875,
        0.016845703125,
        0.019287109375,
        0.017822265625,
        0.02392578125,
        0.02685546875,
        0.03564453125,
        0.054443359375,
        0.060302734375,
        0.091552734375,
        0.110107421875,
        0.157958984375,
        0.2060546875,
        0.273681640625,
        0.3662109375,
        0.462890625,
        0.577880859375,
        0.69287109375,
        0.78125,
        0.860107421875,
        0.917236328125,
        0.940185546875,
        0.9658203125,
        0.976318359375,
        0.987060546875,
        0.991943359375,
        0.993408203125,
        0.9970703125,
        0.999267578125,
        0.999267578125,
        0.999755859375,
        1.0,
        1.0,
        1.0
    ],
    "snr_range": [
        -40,
        -39,
        -38,
        -37,
        -36,
        -35,
        -34,
        -33,
        -32,
        -31,
        -30,
        -29,
        -28,
        -27,
        -26,
        -25,
        -24,
        -23,
        -22,
        -21,
        -20,
        -19,
        -18,
        -17,
        -16,
        -15,
        -14,
        -13,
        -12,
        -11,
        -10,
        -9,
        -8,
        -7,
        -6,
        -5,
        -4,
        -3
    ],
    "sf": 7
}