{
    "ChirpSmoother": [
        0.008544921875,
        0.010986328125,
        0.01171875,
        0.012451171875,
        0.0185546875,
        0.024169921875,
        0.02880859375,
        0.039306640625,
        0.0615234375,
        0.082275390625,
        0.12841796875,
        0.168701171875,
        0.244140625,
        0.341796875,
        0.456787109375,
        0.593017578125,
        0.73974609375,
        0.866943359375,
        0.946533203125,
        0.98193359375,
        0.99853515625,
        1.0,
        1.0,
        1.0,
        1.0,
        1.0,
        1.0,
        1.0,
        1.0,
        1.0,
        1.0,
        1.0,
        1.0,
        1.0,
        1.0,
        1.0,
        1.0,
        1.0
    ],
    "LoRa Trimmer": [
        0.007080078125,
        0.007568359375,
        0.01123046875,
        0.01318359375,
        0.012939453125,
        0.018310546875,
        0.023193359375,
        0.032470703125,
        0.041015625,
        0.060791015625,
        0.088134765625,
        0.111572265625,
        0.17431640625,
        0.248046875,
        0.34228515625,
        0.462158203125,
        0.615234375,
        0.763427734375,
        0.86865234375,
        0.945068359375,
        0.98583984375,
        0.9970703125,
        0.999267578125,
        1.0,
        1.0,
        1.0,
        1.0,
        1.0,
        1.0,
        1.0,
        1.0,
        1.0,
        1.0,
        1.0,
        1.0,
        1.0,
        1.0,
        1.0
    ],
    "LoRaPHY-CPA": [
        0.004150390625,
        0.00634765625,
        0.00537109375,
        0.0068359375,
        0.0087890625,
        0.0107421875,
        0.01416015625,
        0.01513671875,
        0.020751953125,
        0.0234375,
        0.030517578125,
        0.045654296875,
        0.071044921875,
        0.09619140625,
        0.1318359375,
        0.1982421875,
        0.285888671875,
        0.392578125,
        0.53076171875,
        0.68017578125,
        0.801025390625,
        0.876708984375,
        0.917236328125,
        0.94384765625,
        0.959716796875,
        0.96923828125,
        0.97900390625,
        0.9873046875,
        0.99169921875,
        0.99560546875,
        0.99853515625,
        0.999755859375,
        1.0,
        0.999755859375,
        1.0,
        1.0,
        1.0,
        1.0
    ],
    "LoRaPHY-FPA": [
        0.0048828125,
        0.006591796875,
        0.006103515625,
        0.009033203125,
        0.009521484375,
        0.010986328125,
        0.009521484375,
        0.013671875,
        0.018310546875,
        0.0283203125,
        0.031982421875,
        0.045166015625,
        0.0673828125,
        0.092529296875,
        0.13671875,
        0.1923828125,
        0.28759765625,
        0.3984375,
        0.52734375,
        0.673583984375,
        0.8056640625,
        0.875244140625,
        0.927001953125,
        0.947998046875,
        0.959716796875,
        0.978759765625,
        0.977783203125,
        0.990234375,
        0.99365234375,
        0.996826171875,
        0.99853515625,
        0.999267578125,
        0.999755859375,
        1.0,
        1.0,
        1.0,
        1.0,
        1.0
    ],
    "MFFT": [
        0.005615234375,
        0.006103515625,
        0.0078125,
        0.006591796875,
        0.0068359375,
        0.013916015625,
        0.01318359375,
        0.018310546875,
        0.023681640625,
        0.030029296875,
        0.03076171875,
        0.05078125,
        0.0693359375,
        0.1083984375,
        0.150634765625,
        0.21240234375,
        0.306884765625,
        0.437744140625,
        0.576416015625,
        0.711669921875,
        0.835693359375,
        0.90869140625,
        0.95068359375,
        0.967529296875,
        0.98583984375,
        0.99072265625,
        0.99560546875,
        0.998779296875,
        0.99951171875,
        0.999755859375,
        1.0,
        1.0,
        1.0,
        1.0,
        1.0,
        1.0,
        1.0,
        1.0
    ],
    "HFFT": [
        0.009033203125,
        0.00634765625,
        0.0107421875,
        0.005126953125,
        0.013427734375,
        0.013671875,
        0.017578125,
        0.021728515625,
        0.030517578125,
        0.04833984375,
        0.055419921875,
        0.076171875,
        0.118408203125,
        0.160888671875,
        0.213134765625,
        0.290771484375,
        0.402587890625,
        0.51123046875,
        0.643798828125,
        0.749755859375,
        0.832275390625,
        0.89501953125,
        0.9404296875,
        0.9638671875,
        0.978271484375,
        0.98583984375,
        0.991943359375,
        0.995849609375,
        0.99658203125,
        0.9990234375,
        0.999755859375,
        0.99951171875,
        1.0,
        1.0,
        1.0,
        1.0,
        1.0,
        1.0
    ],
    "snr_range": [
        -40,
        -39,
        -38,
        -37,
        -36,
        -35,
        -34,
        -33,
        -32,
        -31,
        -30,
        -29,
        -28,
        -27,
        -26,
        -25,
        -24,
        -23,
        -22,
        -21,
        -20,
        -19,
        -18,
        -17,
        -16,
        -15,
        -14,
        -13,
        -12,
        -11,
        -10,
        -9,
        -8,
        -7,
        -6,
        -5,
        -4,
        -3
    ],
    "sf": 8
}