{
    "ChirpSmoother": [
        0.009765625,
        0.011474609375,
        0.015869140625,
        0.022216796875,
        0.02197265625,
        0.044677734375,
        0.060546875,
        0.087646484375,
        0.113525390625,
        0.182861328125,
        0.27783203125,
        0.3837890625,
        0.529296875,
        0.68798828125,
        0.822265625,
        0.93017578125,
        0.978515625,
        0.99658203125,
        0.99951171875,
        1.0,
        1.0,
        1.0,
        1.0,
        1.0,
        1.0,
        1.0,
        1.0,
        1.0,
        1.0,
        1.0,
        1.0,
        1.0,
        1.0,
        1.0,
        1.0,
        1.0,
        1.0,
        1.0
    ],
    "LoRa Trimmer": [
        0.005615234375,
        0.009765625,
        0.009765625,
        0.0146484375,
        0.018798828125,
        0.029541015625,
        0.0390625,
        0.05859375,
        0.083984375,
        0.12890625,
        0.18359375,
        0.28076171875,
        0.392578125,
        0.522216796875,
        0.689697265625,
        0.812255859375,
        0.92333984375,
        0.977783203125,
        0.995361328125,
        0.9990234375,
        1.0,
        1.0,
        1.0,
        1.0,
        1.0,
        1.0,
        1.0,
        1.0,
        1.0,
        1.0,
        1.0,
        1.0,
        1.0,
        1.0,
        1.0,
        1.0,
        1.0,
        1.0
    ],
    "LoRaPHY-CPA": [
        0.00341796875,
        0.005615234375,
        0.005126953125,
        0.0048828125,
        0.009521484375,
        0.011962890625,
        0.013916015625,
        0.021240234375,
        0.030517578125,
        0.039794921875,
        0.06982421875,
        0.093505859375,
        0.14892578125,
        0.21240234375,
        0.32861328125,
        0.466552734375,
        0.6171875,
        0.763916015625,
        0.8681640625,
        0.91162109375,
        0.94580078125,
        0.96533203125,
        0.975341796875,
        0.97900390625,
        0.990966796875,
        0.99169921875,
        0.99609375,
        0.998291015625,
        0.999755859375,
        0.999755859375,
        1.0,
        1.0,
        1.0,
        1.0,
        1.0,
        1.0,
        1.0,
        1.0
    ],
    "LoRaPHY-FPA": [
        0.005126953125,
        0.00537109375,
        0.004638671875,
        0.0068359375,
        0.0087890625,
        0.011962890625,
        0.01513671875,
        0.021728515625,
        0.02490234375,
        0.047119140625,
        0.06787109375,
        0.096435546875,
        0.152587890625,
        0.230712890625,
        0.331787109375,
        0.461181640625,
        0.611572265625,
        0.7822265625,
        0.86181640625,
        0.9189453125,
        0.945068359375,
        0.958740234375,
        0.97509765625,
        0.980712890625,
        0.98876953125,
        0.99462890625,
        0.996826171875,
        0.9970703125,
        0.999267578125,
        1.0,
        1.0,
        1.0,
        1.0,
        1.0,
        1.0,
        1.0,
        1.0,
        1.0
    ],
    "MFFT": [
        0.00244140625,
        0.005126953125,
        0.006591796875,
        0.006103515625,
        0.007568359375,
        0.01025390625,
        0.0146484375,
        0.025390625,
        0.0322265625,
        0.04736328125,
        0.06640625,
        0.1083984375,
        0.162353515625,
        0.250244140625,
        0.353271484375,
        0.48876953125,
        0.65478515625,
        0.79443359375,
        0.896240234375,
        0.94775390625,
        0.972900390625,
        0.983642578125,
        0.99072265625,
        0.994873046875,
        0.998046875,
        1.0,
        1.0,
        0.999755859375,
        1.0,
        1.0,
        1.0,
        1.0,
        1.0,
        1.0,
        1.0,
        1.0,
        1.0,
        1.0
    ],
    "HFFT": [
        0.003173828125,
        0.00634765625,
        0.0078125,
        0.00927734375,
        0.015380859375,
        0.01953125,
        0.025146484375,
        0.035400390625,
        0.05908203125,
        0.077392578125,
        0.11474609375,
        0.161865234375,
        0.2421875,
        0.337890625,
        0.45654296875,
        0.58203125,
        0.6904296875,
        0.803466796875,
        0.87158203125,
        0.927734375,
        0.9609375,
        0.974365234375,
        0.986572265625,
        0.992919921875,
        0.99462890625,
        0.998779296875,
        0.998779296875,
        0.99951171875,
        0.999755859375,
        0.999755859375,
        1.0,
        1.0,
        1.0,
        1.0,
        1.0,
        1.0,
        1.0,
        1.0
    ],
    "snr_range": [
        -40,
        -39,
        -38,
        -37,
        -36,
        -35,
        -34,
        -33,
        -32,
        -31,
        -30,
        -29,
        -28,
        -27,
        -26,
        -25,
        -24,
        -23,
        -22,
        -21,
        -20,
        -19,
        -18,
        -17,
        -16,
        -15,
        -14,
        -13,
        -12,
        -11,
        -10,
        -9,
        -8,
        -7,
        -6,
        -5,
        -4,
        -3
    ],
    "sf": 9
}