{
    "Ideal Decode v2": [
        0.0107421875,
        0.0087890625,
        0.0322265625,
        0.0361328125,
        0.064453125,
        0.0986328125,
        0.138671875,
        0.1884765625,
        0.3251953125,
        0.447265625,
        0.615234375,
        0.7626953125,
        0.8955078125,
        0.966796875,
        0.9892578125,
        0.9990234375,
        1.0,
        1.0,
        1.0,
        1.0,
        1.0,
        1.0,
        1.0,
        1.0,
        1.0,
        1.0,
        1.0,
        1.0,
        1.0,
        1.0,
        1.0,
        1.0,
        1.0,
        1.0,
        1.0,
        1.0,
        1.0,
        1.0
    ],
    "hfft_decode": [
        0.005859375,
        0.005859375,
        0.0146484375,
        0.015625,
        0.017578125,
        0.037109375,
        0.0517578125,
        0.0771484375,
        0.119140625,
        0.208984375,
        0.27734375,
        0.400390625,
        0.533203125,
        0.662109375,
        0.76953125,
        0.8486328125,
        0.923828125,
        0.955078125,
        0.970703125,
        0.9814453125,
        0.9951171875,
        0.994140625,
        0.9990234375,
        0.9990234375,
        1.0,
        1.0,
        1.0,
        1.0,
        1.0,
        1.0,
        1.0,
        1.0,
        1.0,
        1.0,
        1.0,
        1.0,
        1.0,
        1.0
    ],
    "mfft_decode": [
        0.0048828125,
        0.005859375,
        0.009765625,
        0.0068359375,
        0.0146484375,
        0.021484375,
        0.0390625,
        0.041015625,
        0.0751953125,
        0.0849609375,
        0.130859375,
        0.189453125,
        0.2490234375,
        0.3154296875,
        0.38671875,
        0.431640625,
        0.4541015625,
        0.4970703125,
        0.525390625,
        0.5341796875,
        0.5439453125,
        0.568359375,
        0.5751953125,
        0.609375,
        0.6240234375,
        0.634765625,
        0.65234375,
        0.6572265625,
        0.6728515625,
        0.67578125,
        0.7001953125,
        0.70703125,
        0.7158203125,
        0.7138671875,
        0.7353515625,
        0.732421875,
        0.7529296875,
        0.7685546875
    ],
    "LoRa Trimmer": [
        0.0107421875,
        0.0146484375,
        0.013671875,
        0.03125,
        0.0380859375,
        0.0634765625,
        0.09765625,
        0.1416015625,
        0.2177734375,
        0.3046875,
        0.4658203125,
        0.615234375,
        0.775390625,
        0.88671875,
        0.9765625,
        0.9951171875,
        0.9970703125,
        1.0,
        1.0,
        1.0,
        1.0,
        1.0,
        1.0,
        1.0,
        1.0,
        1.0,
        1.0,
        1.0,
        1.0,
        1.0,
        1.0,
        1.0,
        1.0,
        1.0,
        1.0,
        1.0,
        1.0,
        1.0
    ],
    "LoRaPHY": [
        0.0048828125,
        0.0029296875,
        0.005859375,
        0.0068359375,
        0.013671875,
        0.017578125,
        0.0283203125,
        0.033203125,
        0.056640625,
        0.109375,
        0.1591796875,
        0.2646484375,
        0.4384765625,
        0.5595703125,
        0.720703125,
        0.84765625,
        0.91015625,
        0.9560546875,
        0.9658203125,
        0.9736328125,
        0.9755859375,
        0.9833984375,
        0.9921875,
        0.998046875,
        0.9970703125,
        0.9970703125,
        1.0,
        1.0,
        1.0,
        1.0,
        1.0,
        1.0,
        1.0,
        1.0,
        1.0,
        1.0,
        1.0,
        1.0
    ],
    "snr_range": [
        -40,
        -39,
        -38,
        -37,
        -36,
        -35,
        -34,
        -33,
        -32,
        -31,
        -30,
        -29,
        -28,
        -27,
        -26,
        -25,
        -24,
        -23,
        -22,
        -21,
        -20,
        -19,
        -18,
        -17,
        -16,
        -15,
        -14,
        -13,
        -12,
        -11,
        -10,
        -9,
        -8,
        -7,
        -6,
        -5,
        -4,
        -3
    ],
    "sf": 10
}