{
    "Ideal Decode v2": [
        0.0068359375,
        0.01171875,
        0.0166015625,
        0.0126953125,
        0.015625,
        0.021484375,
        0.0390625,
        0.04296875,
        0.0673828125,
        0.0830078125,
        0.1142578125,
        0.1728515625,
        0.2275390625,
        0.3291015625,
        0.470703125,
        0.5908203125,
        0.7607421875,
        0.869140625,
        0.95703125,
        0.984375,
        1.0,
        1.0,
        1.0,
        1.0,
        1.0,
        1.0,
        1.0,
        1.0,
        1.0,
        1.0,
        1.0,
        1.0,
        1.0,
        1.0,
        1.0,
        1.0,
        1.0,
        1.0
    ],
    "hfft_decode": [
        0.0048828125,
        0.0107421875,
        0.0087890625,
        0.0087890625,
        0.0185546875,
        0.015625,
        0.025390625,
        0.01953125,
        0.0341796875,
        0.048828125,
        0.052734375,
        0.08984375,
        0.10546875,
        0.1533203125,
        0.2060546875,
        0.3076171875,
        0.39453125,
        0.517578125,
        0.6337890625,
        0.751953125,
        0.8349609375,
        0.9130859375,
        0.9482421875,
        0.958984375,
        0.970703125,
        0.9853515625,
        0.9921875,
        0.994140625,
        1.0,
        0.998046875,
        0.9990234375,
        1.0,
        1.0,
        1.0,
        1.0,
        1.0,
        1.0,
        1.0
    ],
    "mfft_decode": [
        0.00390625,
        0.0087890625,
        0.0029296875,
        0.005859375,
        0.0048828125,
        0.0087890625,
        0.01171875,
        0.015625,
        0.0322265625,
        0.0205078125,
        0.0283203125,
        0.04296875,
        0.060546875,
        0.0810546875,
        0.09765625,
        0.158203125,
        0.1796875,
        0.2646484375,
        0.3203125,
        0.361328125,
        0.421875,
        0.458984375,
        0.48046875,
        0.5048828125,
        0.5419921875,
        0.5478515625,
        0.5634765625,
        0.5810546875,
        0.609375,
        0.6181640625,
        0.6259765625,
        0.6513671875,
        0.6572265625,
        0.6728515625,
        0.6787109375,
        0.69921875,
        0.7021484375,
        0.7001953125
    ],
    "LoRa Trimmer": [
        0.0087890625,
        0.0048828125,
        0.0087890625,
        0.0126953125,
        0.0126953125,
        0.021484375,
        0.029296875,
        0.0263671875,
        0.037109375,
        0.0634765625,
        0.0751953125,
        0.1123046875,
        0.1640625,
        0.2529296875,
        0.3173828125,
        0.466796875,
        0.59765625,
        0.736328125,
        0.869140625,
        0.9521484375,
        0.98828125,
        0.99609375,
        1.0,
        1.0,
        1.0,
        1.0,
        1.0,
        1.0,
        1.0,
        1.0,
        1.0,
        1.0,
        1.0,
        1.0,
        1.0,
        1.0,
        1.0,
        1.0
    ],
    "LoRaPHY": [
        0.005859375,
        0.00390625,
        0.0078125,
        0.0087890625,
        0.009765625,
        0.0068359375,
        0.0166015625,
        0.01171875,
        0.0146484375,
        0.0263671875,
        0.0341796875,
        0.0380859375,
        0.0625,
        0.0703125,
        0.1318359375,
        0.2109375,
        0.26953125,
        0.41796875,
        0.5263671875,
        0.6826171875,
        0.8173828125,
        0.87109375,
        0.9033203125,
        0.9423828125,
        0.962890625,
        0.974609375,
        0.9814453125,
        0.9873046875,
        0.99609375,
        0.9951171875,
        0.9990234375,
        0.9990234375,
        1.0,
        1.0,
        1.0,
        1.0,
        1.0,
        1.0
    ],
    "snr_range": [
        -40,
        -39,
        -38,
        -37,
        -36,
        -35,
        -34,
        -33,
        -32,
        -31,
        -30,
        -29,
        -28,
        -27,
        -26,
        -25,
        -24,
        -23,
        -22,
        -21,
        -20,
        -19,
        -18,
        -17,
        -16,
        -15,
        -14,
        -13,
        -12,
        -11,
        -10,
        -9,
        -8,
        -7,
        -6,
        -5,
        -4,
        -3
    ],
    "sf": 8
}