{
    "Ideal Decode v2": [
        0.0048828125,
        0.0068359375,
        0.017578125,
        0.0126953125,
        0.0283203125,
        0.03125,
        0.0419921875,
        0.0869140625,
        0.123046875,
        0.189453125,
        0.2783203125,
        0.3916015625,
        0.5419921875,
        0.6748046875,
        0.84375,
        0.923828125,
        0.9736328125,
        0.99609375,
        1.0,
        1.0,
        1.0,
        1.0,
        1.0,
        1.0,
        1.0,
        1.0,
        1.0,
        1.0,
        1.0,
        1.0,
        1.0,
        1.0,
        1.0,
        1.0,
        1.0,
        1.0,
        1.0,
        1.0
    ],
    "hfft_decode": [
        0.00390625,
        0.005859375,
        0.0087890625,
        0.005859375,
        0.009765625,
        0.01953125,
        0.025390625,
        0.0302734375,
        0.0498046875,
        0.0654296875,
        0.11328125,
        0.1796875,
        0.24609375,
        0.330078125,
        0.455078125,
        0.5732421875,
        0.7060546875,
        0.78515625,
        0.87109375,
        0.9296875,
        0.958984375,
        0.9755859375,
        0.98828125,
        0.9951171875,
        0.99609375,
        0.99609375,
        0.998046875,
        1.0,
        1.0,
        1.0,
        1.0,
        1.0,
        1.0,
        1.0,
        1.0,
        1.0,
        1.0,
        1.0
    ],
    "mfft_decode": [
        0.0029296875,
        0.0029296875,
        0.00390625,
        0.005859375,
        0.009765625,
        0.0078125,
        0.01953125,
        0.0205078125,
        0.03125,
        0.0537109375,
        0.068359375,
        0.0869140625,
        0.126953125,
        0.16796875,
        0.1953125,
        0.2919921875,
        0.34375,
        0.4033203125,
        0.439453125,
        0.455078125,
        0.505859375,
        0.5302734375,
        0.5517578125,
        0.552734375,
        0.5751953125,
        0.595703125,
        0.61328125,
        0.6181640625,
        0.6455078125,
        0.66015625,
        0.66796875,
        0.673828125,
        0.69140625,
        0.69140625,
        0.703125,
        0.7177734375,
        0.7265625,
        0.7421875
    ],
    "LoRa Trimmer": [
        0.0048828125,
        0.0087890625,
        0.01171875,
        0.0166015625,
        0.021484375,
        0.0439453125,
        0.041015625,
        0.0615234375,
        0.08984375,
        0.119140625,
        0.19140625,
        0.2802734375,
        0.3671875,
        0.5458984375,
        0.7109375,
        0.8232421875,
        0.919921875,
        0.9794921875,
        0.994140625,
        0.9990234375,
        1.0,
        1.0,
        1.0,
        1.0,
        1.0,
        1.0,
        1.0,
        1.0,
        1.0,
        1.0,
        1.0,
        1.0,
        1.0,
        1.0,
        1.0,
        1.0,
        1.0,
        1.0
    ],
    "LoRaPHY": [
        0.001953125,
        0.001953125,
        0.0068359375,
        0.0068359375,
        0.005859375,
        0.005859375,
        0.025390625,
        0.0244140625,
        0.02734375,
        0.0380859375,
        0.0703125,
        0.091796875,
        0.1455078125,
        0.2421875,
        0.31640625,
        0.48046875,
        0.6318359375,
        0.7900390625,
        0.857421875,
        0.927734375,
        0.9404296875,
        0.9638671875,
        0.9697265625,
        0.982421875,
        0.984375,
        0.9873046875,
        0.9970703125,
        1.0,
        0.9990234375,
        1.0,
        1.0,
        1.0,
        1.0,
        1.0,
        1.0,
        1.0,
        1.0,
        1.0
    ],
    "snr_range": [
        -40,
        -39,
        -38,
        -37,
        -36,
        -35,
        -34,
        -33,
        -32,
        -31,
        -30,
        -29,
        -28,
        -27,
        -26,
        -25,
        -24,
        -23,
        -22,
        -21,
        -20,
        -19,
        -18,
        -17,
        -16,
        -15,
        -14,
        -13,
        -12,
        -11,
        -10,
        -9,
        -8,
        -7,
        -6,
        -5,
        -4,
        -3
    ],
    "sf": 9
}