{
    "Ideal Decode v2": [
        0.0859375,
        0.0703125,
        0.2578125,
        0.2890625,
        0.515625,
        0.7890625,
        1.109375,
        1.5078125,
        2.6015625,
        3.578125,
        4.921875,
        6.1015625,
        7.1640625,
        7.734375,
        7.9140625,
        7.9921875,
        8.0,
        8.0,
        8.0,
        8.0,
        8.0,
        8.0,
        8.0,
        8.0,
        8.0,
        8.0,
        8.0,
        8.0,
        8.0,
        8.0,
        8.0,
        8.0,
        8.0,
        8.0,
        8.0,
        8.0,
        8.0,
        8.0
    ],
    "hfft_decode": [
        0.046875,
        0.046875,
        0.1171875,
        0.125,
        0.140625,
        0.296875,
        0.4140625,
        0.6171875,
        0.953125,
        1.671875,
        2.21875,
        3.203125,
        4.265625,
        5.296875,
        6.15625,
        6.7890625,
        7.390625,
        7.640625,
        7.765625,
        7.8515625,
        7.9609375,
        7.953125,
        7.9921875,
        7.9921875,
        8.0,
        8.0,
        8.0,
        8.0,
        8.0,
        8.0,
        8.0,
        8.0,
        8.0,
        8.0,
        8.0,
        8.0,
        8.0,
        8.0
    ],
    "mfft_decode": [
        0.0390625,
        0.046875,
        0.078125,
        0.0546875,
        0.1171875,
        0.171875,
        0.3125,
        0.328125,
        0.6015625,
        0.6796875,
        1.046875,
        1.515625,
        1.9921875,
        2.5234375,
        3.09375,
        3.453125,
        3.6328125,
        3.9765625,
        4.203125,
        4.2734375,
        4.3515625,
        4.546875,
        4.6015625,
        4.875,
        4.9921875,
        5.078125,
        5.21875,
        5.2578125,
        5.3828125,
        5.40625,
        5.6015625,
        5.65625,
        5.7265625,
        5.7109375,
        5.8828125,
        5.859375,
        6.0234375,
        6.1484375
    ],
    "LoRa Trimmer": [
        0.0859375,
        0.1171875,
        0.109375,
        0.25,
        0.3046875,
        0.5078125,
        0.78125,
        1.1328125,
        1.7421875,
        2.4375,
        3.7265625,
        4.921875,
        6.203125,
        7.09375,
        7.8125,
        7.9609375,
        7.9765625,
        8.0,
        8.0,
        8.0,
        8.0,
        8.0,
        8.0,
        8.0,
        8.0,
        8.0,
        8.0,
        8.0,
        8.0,
        8.0,
        8.0,
        8.0,
        8.0,
        8.0,
        8.0,
        8.0,
        8.0,
        8.0
    ],
    "LoRaPHY": [
        0.0390625,
        0.0234375,
        0.046875,
        0.0546875,
        0.109375,
        0.140625,
        0.2265625,
        0.265625,
        0.453125,
        0.875,
        1.2734375,
        2.1171875,
        3.5078125,
        4.4765625,
        5.765625,
        6.78125,
        7.28125,
        7.6484375,
        7.7265625,
        7.7890625,
        7.8046875,
        7.8671875,
        7.9375,
        7.984375,
        7.9765625,
        7.9765625,
        8.0,
        8.0,
        8.0,
        8.0,
        8.0,
        8.0,
        8.0,
        8.0,
        8.0,
        8.0,
        8.0,
        8.0
    ],
    "snr_range": [
        -40,
        -39,
        -38,
        -37,
        -36,
        -35,
        -34,
        -33,
        -32,
        -31,
        -30,
        -29,
        -28,
        -27,
        -26,
        -25,
        -24,
        -23,
        -22,
        -21,
        -20,
        -19,
        -18,
        -17,
        -16,
        -15,
        -14,
        -13,
        -12,
        -11,
        -10,
        -9,
        -8,
        -7,
        -6,
        -5,
        -4,
        -3
    ],
    "sf": 10
}