{
    "Ideal Decode v2": [
        0.01171875,
        0.0068359375,
        0.0107421875,
        0.02734375,
        0.0126953125,
        0.0263671875,
        0.021484375,
        0.0341796875,
        0.03515625,
        0.0400390625,
        0.0693359375,
        0.0888671875,
        0.1376953125,
        0.1591796875,
        0.236328125,
        0.302734375,
        0.421875,
        0.509765625,
        0.6611328125,
        0.791015625,
        0.8984375,
        0.96484375,
        0.986328125,
        1.0,
        1.0,
        1.0,
        1.0,
        1.0,
        1.0,
        1.0,
        1.0,
        1.0,
        1.0,
        1.0,
        1.0,
        1.0,
        1.0,
        1.0
    ],
    "hfft_decode": [
        0.01171875,
        0.00390625,
        0.0048828125,
        0.009765625,
        0.0146484375,
        0.013671875,
        0.017578125,
        0.029296875,
        0.0341796875,
        0.029296875,
        0.0283203125,
        0.0341796875,
        0.0458984375,
        0.0732421875,
        0.103515625,
        0.138671875,
        0.2001953125,
        0.2734375,
        0.3837890625,
        0.4736328125,
        0.55859375,
        0.6728515625,
        0.76171875,
        0.85546875,
        0.904296875,
        0.9365234375,
        0.9658203125,
        0.9833984375,
        0.9814453125,
        0.9921875,
        0.9931640625,
        0.9951171875,
        0.9990234375,
        0.9990234375,
        1.0,
        1.0,
        1.0,
        1.0
    ],
    "mfft_decode": [
        0.0048828125,
        0.0087890625,
        0.01171875,
        0.009765625,
        0.01171875,
        0.0185546875,
        0.0078125,
        0.0068359375,
        0.009765625,
        0.0185546875,
        0.0234375,
        0.029296875,
        0.0458984375,
        0.0546875,
        0.0595703125,
        0.07421875,
        0.1201171875,
        0.1396484375,
        0.17578125,
        0.236328125,
        0.2861328125,
        0.3408203125,
        0.400390625,
        0.4404296875,
        0.4677734375,
        0.5048828125,
        0.5205078125,
        0.548828125,
        0.5654296875,
        0.5712890625,
        0.5908203125,
        0.607421875,
        0.6142578125,
        0.6279296875,
        0.6572265625,
        0.65234375,
        0.658203125,
        0.6875
    ],
    "LoRa Trimmer": [
        0.009765625,
        0.013671875,
        0.017578125,
        0.013671875,
        0.021484375,
        0.0224609375,
        0.025390625,
        0.0263671875,
        0.0400390625,
        0.0478515625,
        0.044921875,
        0.064453125,
        0.0849609375,
        0.1201171875,
        0.1591796875,
        0.24609375,
        0.3046875,
        0.4248046875,
        0.556640625,
        0.6845703125,
        0.8173828125,
        0.904296875,
        0.9658203125,
        0.9912109375,
        0.998046875,
        0.9990234375,
        1.0,
        1.0,
        1.0,
        1.0,
        1.0,
        1.0,
        1.0,
        1.0,
        1.0,
        1.0,
        1.0,
        1.0
    ],
    "LoRaPHY": [
        0.015625,
        0.0078125,
        0.0068359375,
        0.009765625,
        0.0107421875,
        0.013671875,
        0.0185546875,
        0.0146484375,
        0.017578125,
        0.0205078125,
        0.0322265625,
        0.033203125,
        0.0458984375,
        0.0498046875,
        0.0849609375,
        0.1142578125,
        0.146484375,
        0.1650390625,
        0.255859375,
        0.341796875,
        0.478515625,
        0.6259765625,
        0.7294921875,
        0.8173828125,
        0.8916015625,
        0.923828125,
        0.94921875,
        0.9599609375,
        0.9658203125,
        0.9755859375,
        0.9853515625,
        0.9951171875,
        0.998046875,
        0.9990234375,
        0.998046875,
        0.9990234375,
        1.0,
        1.0
    ],
    "snr_range": [
        -40,
        -39,
        -38,
        -37,
        -36,
        -35,
        -34,
        -33,
        -32,
        -31,
        -30,
        -29,
        -28,
        -27,
        -26,
        -25,
        -24,
        -23,
        -22,
        -21,
        -20,
        -19,
        -18,
        -17,
        -16,
        -15,
        -14,
        -13,
        -12,
        -11,
        -10,
        -9,
        -8,
        -7,
        -6,
        -5,
        -4,
        -3
    ],
    "sf": 7
}