{
    "Ideal Decode v2": [
        0.013671875,
        0.0234375,
        0.033203125,
        0.025390625,
        0.03125,
        0.04296875,
        0.078125,
        0.0859375,
        0.134765625,
        0.166015625,
        0.228515625,
        0.345703125,
        0.455078125,
        0.658203125,
        0.94140625,
        1.181640625,
        1.521484375,
        1.73828125,
        1.9140625,
        1.96875,
        2.0,
        2.0,
        2.0,
        2.0,
        2.0,
        2.0,
        2.0,
        2.0,
        2.0,
        2.0,
        2.0,
        2.0,
        2.0,
        2.0,
        2.0,
        2.0,
        2.0,
        2.0
    ],
    "hfft_decode": [
        0.009765625,
        0.021484375,
        0.017578125,
        0.017578125,
        0.037109375,
        0.03125,
        0.05078125,
        0.0390625,
        0.068359375,
        0.09765625,
        0.10546875,
        0.1796875,
        0.2109375,
        0.306640625,
        0.412109375,
        0.615234375,
        0.7890625,
        1.03515625,
        1.267578125,
        1.50390625,
        1.669921875,
        1.826171875,
        1.896484375,
        1.91796875,
        1.94140625,
        1.970703125,
        1.984375,
        1.98828125,
        2.0,
        1.99609375,
        1.998046875,
        2.0,
        2.0,
        2.0,
        2.0,
        2.0,
        2.0,
        2.0
    ],
    "mfft_decode": [
        0.0078125,
        0.017578125,
        0.005859375,
        0.01171875,
        0.009765625,
        0.017578125,
        0.0234375,
        0.03125,
        0.064453125,
        0.041015625,
        0.056640625,
        0.0859375,
        0.12109375,
        0.162109375,
        0.1953125,
        0.31640625,
        0.359375,
        0.529296875,
        0.640625,
        0.72265625,
        0.84375,
        0.91796875,
        0.9609375,
        1.009765625,
        1.083984375,
        1.095703125,
        1.126953125,
        1.162109375,
        1.21875,
        1.236328125,
        1.251953125,
        1.302734375,
        1.314453125,
        1.345703125,
        1.357421875,
        1.3984375,
        1.404296875,
        1.400390625
    ],
    "LoRa Trimmer": [
        0.017578125,
        0.009765625,
        0.017578125,
        0.025390625,
        0.025390625,
        0.04296875,
        0.05859375,
        0.052734375,
        0.07421875,
        0.126953125,
        0.150390625,
        0.224609375,
        0.328125,
        0.505859375,
        0.634765625,
        0.93359375,
        1.1953125,
        1.47265625,
        1.73828125,
        1.904296875,
        1.9765625,
        1.9921875,
        2.0,
        2.0,
        2.0,
        2.0,
        2.0,
        2.0,
        2.0,
        2.0,
        2.0,
        2.0,
        2.0,
        2.0,
        2.0,
        2.0,
        2.0,
        2.0
    ],
    "LoRaPHY": [
        0.01171875,
        0.0078125,
        0.015625,
        0.017578125,
        0.01953125,
        0.013671875,
        0.033203125,
        0.0234375,
        0.029296875,
        0.052734375,
        0.068359375,
        0.076171875,
        0.125,
        0.140625,
        0.263671875,
        0.421875,
        0.5390625,
        0.8359375,
        1.052734375,
        1.365234375,
        1.634765625,
        1.7421875,
        1.806640625,
        1.884765625,
        1.92578125,
        1.94921875,
        1.962890625,
        1.974609375,
        1.9921875,
        1.990234375,
        1.998046875,
        1.998046875,
        2.0,
        2.0,
        2.0,
        2.0,
        2.0,
        2.0
    ],
    "snr_range": [
        -40,
        -39,
        -38,
        -37,
        -36,
        -35,
        -34,
        -33,
        -32,
        -31,
        -30,
        -29,
        -28,
        -27,
        -26,
        -25,
        -24,
        -23,
        -22,
        -21,
        -20,
        -19,
        -18,
        -17,
        -16,
        -15,
        -14,
        -13,
        -12,
        -11,
        -10,
        -9,
        -8,
        -7,
        -6,
        -5,
        -4,
        -3
    ],
    "sf": 8
}