{
    "Ideal Decode v2": [
        0.01953125,
        0.02734375,
        0.0703125,
        0.05078125,
        0.11328125,
        0.125,
        0.16796875,
        0.34765625,
        0.4921875,
        0.7578125,
        1.11328125,
        1.56640625,
        2.16796875,
        2.69921875,
        3.375,
        3.6953125,
        3.89453125,
        3.984375,
        4.0,
        4.0,
        4.0,
        4.0,
        4.0,
        4.0,
        4.0,
        4.0,
        4.0,
        4.0,
        4.0,
        4.0,
        4.0,
        4.0,
        4.0,
        4.0,
        4.0,
        4.0,
        4.0,
        4.0
    ],
    "hfft_decode": [
        0.015625,
        0.0234375,
        0.03515625,
        0.0234375,
        0.0390625,
        0.078125,
        0.1015625,
        0.12109375,
        0.19921875,
        0.26171875,
        0.453125,
        0.71875,
        0.984375,
        1.3203125,
        1.8203125,
        2.29296875,
        2.82421875,
        3.140625,
        3.484375,
        3.71875,
        3.8359375,
        3.90234375,
        3.953125,
        3.98046875,
        3.984375,
        3.984375,
        3.9921875,
        4.0,
        4.0,
        4.0,
        4.0,
        4.0,
        4.0,
        4.0,
        4.0,
        4.0,
        4.0,
        4.0
    ],
    "mfft_decode": [
        0.01171875,
        0.01171875,
        0.015625,
        0.0234375,
        0.0390625,
        0.03125,
        0.078125,
        0.08203125,
        0.125,
        0.21484375,
        0.2734375,
        0.34765625,
        0.5078125,
        0.671875,
        0.78125,
        1.16796875,
        1.375,
        1.61328125,
        1.7578125,
        1.8203125,
        2.0234375,
        2.12109375,
        2.20703125,
        2.2109375,
        2.30078125,
        2.3828125,
        2.453125,
        2.47265625,
        2.58203125,
        2.640625,
        2.671875,
        2.6953125,
        2.765625,
        2.765625,
        2.8125,
        2.87109375,
        2.90625,
        2.96875
    ],
    "LoRa Trimmer": [
        0.01953125,
        0.03515625,
        0.046875,
        0.06640625,
        0.0859375,
        0.17578125,
        0.1640625,
        0.24609375,
        0.359375,
        0.4765625,
        0.765625,
        1.12109375,
        1.46875,
        2.18359375,
        2.84375,
        3.29296875,
        3.6796875,
        3.91796875,
        3.9765625,
        3.99609375,
        4.0,
        4.0,
        4.0,
        4.0,
        4.0,
        4.0,
        4.0,
        4.0,
        4.0,
        4.0,
        4.0,
        4.0,
        4.0,
        4.0,
        4.0,
        4.0,
        4.0,
        4.0
    ],
    "LoRaPHY": [
        0.0078125,
        0.0078125,
        0.02734375,
        0.02734375,
        0.0234375,
        0.0234375,
        0.1015625,
        0.09765625,
        0.109375,
        0.15234375,
        0.28125,
        0.3671875,
        0.58203125,
        0.96875,
        1.265625,
        1.921875,
        2.52734375,
        3.16015625,
        3.4296875,
        3.7109375,
        3.76171875,
        3.85546875,
        3.87890625,
        3.9296875,
        3.9375,
        3.94921875,
        3.98828125,
        4.0,
        3.99609375,
        4.0,
        4.0,
        4.0,
        4.0,
        4.0,
        4.0,
        4.0,
        4.0,
        4.0
    ],
    "snr_range": [
        -40,
        -39,
        -38,
        -37,
        -36,
        -35,
        -34,
        -33,
        -32,
        -31,
        -30,
        -29,
        -28,
        -27,
        -26,
        -25,
        -24,
        -23,
        -22,
        -21,
        -20,
        -19,
        -18,
        -17,
        -16,
        -15,
        -14,
        -13,
        -12,
        -11,
        -10,
        -9,
        -8,
        -7,
        -6,
        -5,
        -4,
        -3
    ],
    "sf": 9
}