{
    "ChirpSmoother": [
        0.0146484375,
        0.018798828125,
        0.025390625,
        0.037109375,
        0.053466796875,
        0.0859375,
        0.142578125,
        0.2177734375,
        0.31689453125,
        0.463623046875,
        0.6123046875,
        0.787353515625,
        0.906494140625,
        0.9638671875,
        0.99365234375,
        0.999755859375,
        1.0,
        1.0,
        1.0,
        1.0,
        1.0,
        1.0,
        1.0,
        1.0,
        1.0,
        1.0,
        1.0,
        1.0,
        1.0,
        1.0,
        1.0,
        1.0,
        1.0,
        1.0,
        1.0,
        1.0,
        1.0,
        1.0
    ],
    "LoRa Trimmer": [
        0.010009765625,
        0.01025390625,
        0.01904296875,
        0.027587890625,
        0.043701171875,
        0.057861328125,
        0.092529296875,
        0.141845703125,
        0.223388671875,
        0.321044921875,
        0.451904296875,
        0.626220703125,
        0.781005859375,
        0.913818359375,
        0.962890625,
        0.992919921875,
        0.998779296875,
        0.999755859375,
        1.0,
        1.0,
        1.0,
        1.0,
        1.0,
        1.0,
        1.0,
        1.0,
        1.0,
        1.0,
        1.0,
        1.0,
        1.0,
        1.0,
        1.0,
        1.0,
        1.0,
        1.0,
        1.0,
        1.0
    ],
    "LoRaPHY-CPA": [
        0.00390625,
        0.00390625,
        0.00634765625,
        0.00634765625,
        0.013671875,
        0.019775390625,
        0.031982421875,
        0.047607421875,
        0.073486328125,
        0.113525390625,
        0.181396484375,
        0.271484375,
        0.408203125,
        0.564208984375,
        0.72265625,
        0.83740234375,
        0.896240234375,
        0.94091796875,
        0.956298828125,
        0.97412109375,
        0.97998046875,
        0.9892578125,
        0.994873046875,
        0.996337890625,
        0.998291015625,
        0.999755859375,
        0.999755859375,
        1.0,
        1.0,
        1.0,
        1.0,
        1.0,
        1.0,
        1.0,
        1.0,
        1.0,
        1.0,
        1.0
    ],
    "LoRaPHY-FPA": [
        0.003173828125,
        0.005615234375,
        0.00732421875,
        0.0078125,
        0.0126953125,
        0.0224609375,
        0.027099609375,
        0.041259765625,
        0.068603515625,
        0.119140625,
        0.18505859375,
        0.267333984375,
        0.396728515625,
        0.562255859375,
        0.71826171875,
        0.84912109375,
        0.913330078125,
        0.9462890625,
        0.954833984375,
        0.971923828125,
        0.981689453125,
        0.986572265625,
        0.99462890625,
        0.994384765625,
        0.99853515625,
        0.99951171875,
        0.999755859375,
        1.0,
        1.0,
        1.0,
        1.0,
        1.0,
        1.0,
        1.0,
        1.0,
        1.0,
        1.0,
        1.0
    ],
    "MFFT": [
        0.0048828125,
        0.006591796875,
        0.010009765625,
        0.010009765625,
        0.015625,
        0.023681640625,
        0.03076171875,
        0.04931640625,
        0.073486328125,
        0.120849609375,
        0.201171875,
        0.298828125,
        0.437255859375,
        0.58984375,
        0.7490234375,
        0.864990234375,
        0.93896484375,
        0.967041015625,
        0.985107421875,
        0.9912109375,
        0.996337890625,
        0.998291015625,
        0.999755859375,
        1.0,
        1.0,
        1.0,
        1.0,
        1.0,
        1.0,
        1.0,
        1.0,
        1.0,
        1.0,
        1.0,
        1.0,
        1.0,
        1.0,
        1.0
    ],
    "HFFT": [
        0.005126953125,
        0.00830078125,
        0.012939453125,
        0.01806640625,
        0.025390625,
        0.033203125,
        0.05615234375,
        0.091796875,
        0.1279296875,
        0.185791015625,
        0.28271484375,
        0.39501953125,
        0.525146484375,
        0.648681640625,
        0.756103515625,
        0.850341796875,
        0.916748046875,
        0.956787109375,
        0.97705078125,
        0.98583984375,
        0.992919921875,
        0.99462890625,
        0.997802734375,
        0.999267578125,
        1.0,
        0.99951171875,
        1.0,
        1.0,
        1.0,
        1.0,
        1.0,
        1.0,
        1.0,
        1.0,
        1.0,
        1.0,
        1.0,
        1.0
    ],
    "snr_range": [
        -40,
        -39,
        -38,
        -37,
        -36,
        -35,
        -34,
        -33,
        -32,
        -31,
        -30,
        -29,
        -28,
        -27,
        -26,
        -25,
        -24,
        -23,
        -22,
        -21,
        -20,
        -19,
        -18,
        -17,
        -16,
        -15,
        -14,
        -13,
        -12,
        -11,
        -10,
        -9,
        -8,
        -7,
        -6,
        -5,
        -4,
        -3
    ],
    "sf": 10
}