{
    "ChirpSmoother": [
        0.024169921875,
        0.037109375,
        0.0625,
        0.09326171875,
        0.17431640625,
        0.26025390625,
        0.3837890625,
        0.560302734375,
        0.72802734375,
        0.8642578125,
        0.955810546875,
        0.99072265625,
        0.99853515625,
        1.0,
        1.0,
        1.0,
        1.0,
        1.0,
        1.0,
        1.0,
        1.0,
        1.0,
        1.0,
        1.0,
        1.0,
        1.0,
        1.0,
        1.0,
        1.0,
        1.0,
        1.0,
        1.0,
        1.0,
        1.0,
        1.0,
        1.0,
        1.0,
        1.0
    ],
    "LoRa Trimmer": [
        0.015869140625,
        0.025390625,
        0.037109375,
        0.064453125,
        0.107666015625,
        0.16015625,
        0.25341796875,
        0.39697265625,
        0.5400390625,
        0.729248046875,
        0.86328125,
        0.9501953125,
        0.98828125,
        0.998291015625,
        1.0,
        1.0,
        1.0,
        1.0,
        1.0,
        1.0,
        1.0,
        1.0,
        1.0,
        1.0,
        1.0,
        1.0,
        1.0,
        1.0,
        1.0,
        1.0,
        1.0,
        1.0,
        1.0,
        1.0,
        1.0,
        1.0,
        1.0,
        1.0
    ],
    "LoRaPHY-CPA": [
        0.004638671875,
        0.008544921875,
        0.014404296875,
        0.0185546875,
        0.0244140625,
        0.038818359375,
        0.082763671875,
        0.1376953125,
        0.22119140625,
        0.33642578125,
        0.514404296875,
        0.661865234375,
        0.811767578125,
        0.907958984375,
        0.947509765625,
        0.9599609375,
        0.97265625,
        0.98486328125,
        0.9912109375,
        0.994140625,
        0.995361328125,
        0.99853515625,
        0.99951171875,
        0.999755859375,
        1.0,
        1.0,
        1.0,
        1.0,
        1.0,
        1.0,
        1.0,
        1.0,
        1.0,
        1.0,
        1.0,
        1.0,
        1.0,
        1.0
    ],
    "LoRaPHY-FPA": [
        0.004150390625,
        0.006103515625,
        0.01513671875,
        0.01806640625,
        0.030029296875,
        0.0439453125,
        0.079345703125,
        0.138427734375,
        0.207763671875,
        0.346435546875,
        0.509033203125,
        0.67236328125,
        0.8154296875,
        0.9091796875,
        0.94091796875,
        0.9580078125,
        0.970947265625,
        0.984375,
        0.98583984375,
        0.993408203125,
        0.996337890625,
        0.9990234375,
        0.998779296875,
        0.999755859375,
        1.0,
        1.0,
        1.0,
        1.0,
        1.0,
        1.0,
        1.0,
        1.0,
        1.0,
        1.0,
        1.0,
        1.0,
        1.0,
        1.0
    ],
    "MFFT": [
        0.005615234375,
        0.00634765625,
        0.014404296875,
        0.0185546875,
        0.036865234375,
        0.0576171875,
        0.090576171875,
        0.1640625,
        0.24658203125,
        0.3779296875,
        0.535400390625,
        0.703369140625,
        0.849853515625,
        0.926513671875,
        0.964111328125,
        0.983154296875,
        0.991455078125,
        0.99560546875,
        0.99755859375,
        0.999755859375,
        0.999755859375,
        1.0,
        1.0,
        1.0,
        1.0,
        1.0,
        1.0,
        1.0,
        1.0,
        1.0,
        1.0,
        1.0,
        1.0,
        1.0,
        1.0,
        1.0,
        1.0,
        1.0
    ],
    "HFFT": [
        0.009521484375,
        0.01611328125,
        0.0224609375,
        0.03662109375,
        0.06884765625,
        0.096435546875,
        0.15625,
        0.230224609375,
        0.355224609375,
        0.474365234375,
        0.591552734375,
        0.72314453125,
        0.82470703125,
        0.897705078125,
        0.9482421875,
        0.97314453125,
        0.98486328125,
        0.992431640625,
        0.993408203125,
        0.997802734375,
        0.998291015625,
        0.99951171875,
        0.999755859375,
        1.0,
        1.0,
        1.0,
        1.0,
        1.0,
        1.0,
        1.0,
        1.0,
        1.0,
        1.0,
        1.0,
        1.0,
        1.0,
        1.0,
        1.0
    ],
    "snr_range": [
        -40,
        -39,
        -38,
        -37,
        -36,
        -35,
        -34,
        -33,
        -32,
        -31,
        -30,
        -29,
        -28,
        -27,
        -26,
        -25,
        -24,
        -23,
        -22,
        -21,
        -20,
        -19,
        -18,
        -17,
        -16,
        -15,
        -14,
        -13,
        -12,
        -11,
        -10,
        -9,
        -8,
        -7,
        -6,
        -5,
        -4,
        -3
    ],
    "sf": 11
}