{
    "ChirpSmoother": [
        0.072265625,
        0.13330078125,
        0.1962890625,
        0.33349609375,
        0.490966796875,
        0.678955078125,
        0.827880859375,
        0.943115234375,
        0.986572265625,
        0.998046875,
        0.999755859375,
        1.0,
        1.0,
        1.0,
        1.0,
        1.0,
        1.0,
        1.0,
        1.0,
        1.0,
        1.0,
        1.0,
        1.0,
        1.0,
        1.0,
        1.0,
        1.0,
        1.0,
        1.0,
        1.0,
        1.0,
        1.0,
        1.0,
        1.0,
        1.0,
        1.0,
        1.0,
        1.0
    ],
    "LoRa Trimmer": [
        0.04833984375,
        0.078125,
        0.12548828125,
        0.216552734375,
        0.326171875,
        0.493896484375,
        0.6611328125,
        0.82568359375,
        0.9443359375,
        0.984375,
        0.998779296875,
        0.999755859375,
        1.0,
        1.0,
        1.0,
        1.0,
        1.0,
        1.0,
        1.0,
        1.0,
        1.0,
        1.0,
        1.0,
        1.0,
        1.0,
        1.0,
        1.0,
        1.0,
        1.0,
        1.0,
        1.0,
        1.0,
        1.0,
        1.0,
        1.0,
        1.0,
        1.0,
        1.0
    ],
    "LoRaPHY-CPA": [
        0.01123046875,
        0.019775390625,
        0.03466796875,
        0.06103515625,
        0.108154296875,
        0.173095703125,
        0.287353515625,
        0.431640625,
        0.629638671875,
        0.787353515625,
        0.884765625,
        0.94921875,
        0.965576171875,
        0.969482421875,
        0.983642578125,
        0.98779296875,
        0.99169921875,
        0.995361328125,
        0.997314453125,
        0.999755859375,
        0.999267578125,
        1.0,
        1.0,
        1.0,
        1.0,
        1.0,
        1.0,
        1.0,
        1.0,
        1.0,
        1.0,
        1.0,
        1.0,
        1.0,
        1.0,
        1.0,
        1.0,
        1.0
    ],
    "LoRaPHY-FPA": [
        0.01123046875,
        0.021240234375,
        0.037841796875,
        0.051025390625,
        0.09716796875,
        0.18212890625,
        0.283447265625,
        0.432861328125,
        0.61474609375,
        0.784912109375,
        0.88427734375,
        0.939208984375,
        0.9609375,
        0.974853515625,
        0.982421875,
        0.9873046875,
        0.992919921875,
        0.99560546875,
        0.997314453125,
        0.999267578125,
        0.99951171875,
        0.999755859375,
        1.0,
        1.0,
        1.0,
        1.0,
        1.0,
        1.0,
        1.0,
        1.0,
        1.0,
        1.0,
        1.0,
        1.0,
        1.0,
        1.0,
        1.0,
        1.0
    ],
    "MFFT": [
        0.0126953125,
        0.02099609375,
        0.03662109375,
        0.073974609375,
        0.113037109375,
        0.18994140625,
        0.31396484375,
        0.487060546875,
        0.65673828125,
        0.8154296875,
        0.91845703125,
        0.97119140625,
        0.983154296875,
        0.9951171875,
        0.99609375,
        0.998291015625,
        0.99951171875,
        1.0,
        0.999755859375,
        1.0,
        1.0,
        1.0,
        1.0,
        1.0,
        1.0,
        1.0,
        1.0,
        1.0,
        1.0,
        1.0,
        1.0,
        1.0,
        1.0,
        1.0,
        1.0,
        1.0,
        1.0,
        1.0
    ],
    "HFFT": [
        0.02392578125,
        0.04296875,
        0.07666015625,
        0.12451171875,
        0.197021484375,
        0.294677734375,
        0.427734375,
        0.56494140625,
        0.699462890625,
        0.808837890625,
        0.873291015625,
        0.938232421875,
        0.967529296875,
        0.985595703125,
        0.99169921875,
        0.99462890625,
        0.996826171875,
        0.99951171875,
        0.999755859375,
        0.999755859375,
        0.999755859375,
        1.0,
        1.0,
        1.0,
        1.0,
        1.0,
        1.0,
        1.0,
        1.0,
        1.0,
        1.0,
        1.0,
        1.0,
        1.0,
        1.0,
        1.0,
        1.0,
        1.0
    ],
    "snr_range": [
        -40,
        -39,
        -38,
        -37,
        -36,
        -35,
        -34,
        -33,
        -32,
        -31,
        -30,
        -29,
        -28,
        -27,
        -26,
        -25,
        -24,
        -23,
        -22,
        -21,
        -20,
        -19,
        -18,
        -17,
        -16,
        -15,
        -14,
        -13,
        -12,
        -11,
        -10,
        -9,
        -8,
        -7,
        -6,
        -5,
        -4,
        -3
    ],
    "sf": 12
}