{
    "ChirpSmoother": [
        0.011474609375,
        0.015380859375,
        0.013916015625,
        0.0185546875,
        0.017333984375,
        0.02392578125,
        0.027099609375,
        0.02978515625,
        0.03564453125,
        0.05029296875,
        0.06298828125,
        0.085693359375,
        0.114501953125,
        0.165771484375,
        0.21826171875,
        0.3076171875,
        0.409912109375,
        0.53369140625,
        0.680419921875,
        0.7939453125,
        0.9052734375,
        0.960693359375,
        0.990966796875,
        0.99755859375,
        0.999755859375,
        0.999755859375,
        1.0,
        1.0,
        1.0,
        1.0,
        1.0,
        1.0,
        1.0,
        1.0,
        1.0,
        1.0,
        1.0,
        1.0
    ],
    "LoRa Trimmer": [
        0.010498046875,
        0.0107421875,
        0.01318359375,
        0.0126953125,
        0.015869140625,
        0.017822265625,
        0.0224609375,
        0.02490234375,
        0.02978515625,
        0.040771484375,
        0.05078125,
        0.071044921875,
        0.08837890625,
        0.12109375,
        0.174560546875,
        0.22607421875,
        0.304443359375,
        0.426513671875,
        0.541748046875,
        0.67919921875,
        0.7939453125,
        0.902099609375,
        0.9619140625,
        0.9892578125,
        0.998291015625,
        0.999267578125,
        1.0,
        1.0,
        1.0,
        1.0,
        1.0,
        1.0,
        1.0,
        1.0,
        1.0,
        1.0,
        1.0,
        1.0
    ],
    "LoRaPHY-CPA": [
        0.0068359375,
        0.01025390625,
        0.010986328125,
        0.010986328125,
        0.01025390625,
        0.013916015625,
        0.011962890625,
        0.01513671875,
        0.01708984375,
        0.017333984375,
        0.0244140625,
        0.031982421875,
        0.040771484375,
        0.0556640625,
        0.072998046875,
        0.093994140625,
        0.136474609375,
        0.19091796875,
        0.254638671875,
        0.35595703125,
        0.488037109375,
        0.610107421875,
        0.727294921875,
        0.838134765625,
        0.89599609375,
        0.92138671875,
        0.944580078125,
        0.95947265625,
        0.972412109375,
        0.98193359375,
        0.9912109375,
        0.995361328125,
        0.99609375,
        0.998291015625,
        0.99951171875,
        0.99951171875,
        1.0,
        1.0
    ],
    "LoRaPHY-FPA": [
        0.010009765625,
        0.009033203125,
        0.010986328125,
        0.010009765625,
        0.012939453125,
        0.013671875,
        0.01318359375,
        0.01416015625,
        0.02001953125,
        0.018798828125,
        0.031494140625,
        0.033935546875,
        0.039306640625,
        0.05322265625,
        0.072998046875,
        0.100341796875,
        0.125,
        0.181640625,
        0.271484375,
        0.36572265625,
        0.4794921875,
        0.598388671875,
        0.73291015625,
        0.818603515625,
        0.88720703125,
        0.92333984375,
        0.942138671875,
        0.961181640625,
        0.968017578125,
        0.98193359375,
        0.9873046875,
        0.99169921875,
        0.997802734375,
        0.998291015625,
        0.999267578125,
        0.99951171875,
        1.0,
        1.0
    ],
    "MFFT": [
        0.005615234375,
        0.009521484375,
        0.009033203125,
        0.01123046875,
        0.0107421875,
        0.013427734375,
        0.01611328125,
        0.018798828125,
        0.015869140625,
        0.0224609375,
        0.026123046875,
        0.03515625,
        0.045654296875,
        0.055419921875,
        0.089111328125,
        0.1064453125,
        0.15478515625,
        0.1923828125,
        0.27783203125,
        0.374755859375,
        0.499267578125,
        0.621826171875,
        0.7568359375,
        0.851806640625,
        0.90673828125,
        0.9501953125,
        0.972412109375,
        0.985107421875,
        0.9892578125,
        0.996826171875,
        0.99853515625,
        0.99951171875,
        1.0,
        1.0,
        1.0,
        1.0,
        1.0,
        1.0
    ],
    "HFFT": [
        0.0107421875,
        0.011474609375,
        0.01708984375,
        0.0126953125,
        0.014892578125,
        0.015380859375,
        0.0146484375,
        0.017578125,
        0.02294921875,
        0.0341796875,
        0.042236328125,
        0.044677734375,
        0.054931640625,
        0.0888671875,
        0.10791015625,
        0.158203125,
        0.20751953125,
        0.271484375,
        0.3623046875,
        0.466064453125,
        0.567626953125,
        0.681640625,
        0.778076171875,
        0.85498046875,
        0.910400390625,
        0.9404296875,
        0.963134765625,
        0.979248046875,
        0.984130859375,
        0.990234375,
        0.993408203125,
        0.99755859375,
        0.9990234375,
        0.99951171875,
        0.999755859375,
        1.0,
        1.0,
        1.0
    ],
    "snr_range": [
        -40,
        -39,
        -38,
        -37,
        -36,
        -35,
        -34,
        -33,
        -32,
        -31,
        -30,
        -29,
        -28,
        -27,
        -26,
        -25,
        -24,
        -23,
        -22,
        -21,
        -20,
        -19,
        -18,
        -17,
        -16,
        -15,
        -14,
        -13,
        -12,
        -11,
        -10,
        -9,
        -8,
        -7,
        -6,
        -5,
        -4,
        -3
    ],
    "sf": 7
}