{
    "ChirpSmoother": [
        0.0107421875,
        0.010986328125,
        0.011474609375,
        0.014892578125,
        0.017822265625,
        0.026611328125,
        0.031494140625,
        0.040283203125,
        0.058349609375,
        0.078857421875,
        0.110595703125,
        0.158935546875,
        0.247314453125,
        0.333251953125,
        0.458251953125,
        0.58349609375,
        0.73681640625,
        0.86962890625,
        0.945068359375,
        0.98486328125,
        0.9970703125,
        1.0,
        1.0,
        1.0,
        1.0,
        1.0,
        1.0,
        1.0,
        1.0,
        1.0,
        1.0,
        1.0,
        1.0,
        1.0,
        1.0,
        1.0,
        1.0,
        1.0
    ],
    "LoRa Trimmer": [
        0.00732421875,
        0.0078125,
        0.0107421875,
        0.009765625,
        0.012451171875,
        0.019775390625,
        0.024169921875,
        0.027099609375,
        0.04345703125,
        0.058349609375,
        0.084716796875,
        0.104736328125,
        0.1669921875,
        0.24609375,
        0.34814453125,
        0.470947265625,
        0.61376953125,
        0.744384765625,
        0.865234375,
        0.95068359375,
        0.982177734375,
        0.9970703125,
        0.999267578125,
        1.0,
        1.0,
        1.0,
        1.0,
        1.0,
        1.0,
        1.0,
        1.0,
        1.0,
        1.0,
        1.0,
        1.0,
        1.0,
        1.0,
        1.0
    ],
    "LoRaPHY-CPA": [
        0.00537109375,
        0.0078125,
        0.004150390625,
        0.006103515625,
        0.00927734375,
        0.009521484375,
        0.015869140625,
        0.015380859375,
        0.01806640625,
        0.024169921875,
        0.034912109375,
        0.05029296875,
        0.066650390625,
        0.0927734375,
        0.14208984375,
        0.197265625,
        0.27734375,
        0.40380859375,
        0.539794921875,
        0.681396484375,
        0.800048828125,
        0.8818359375,
        0.920166015625,
        0.95068359375,
        0.958740234375,
        0.971923828125,
        0.982421875,
        0.9873046875,
        0.9931640625,
        0.996337890625,
        0.997802734375,
        0.99951171875,
        1.0,
        1.0,
        1.0,
        1.0,
        1.0,
        1.0
    ],
    "LoRaPHY-FPA": [
        0.006103515625,
        0.006591796875,
        0.00830078125,
        0.007568359375,
        0.009521484375,
        0.0107421875,
        0.01220703125,
        0.01611328125,
        0.017822265625,
        0.02587890625,
        0.0341796875,
        0.046630859375,
        0.06396484375,
        0.092529296875,
        0.138427734375,
        0.197021484375,
        0.29150390625,
        0.416748046875,
        0.5458984375,
        0.677490234375,
        0.79150390625,
        0.88232421875,
        0.9306640625,
        0.946044921875,
        0.958740234375,
        0.971923828125,
        0.977294921875,
        0.984130859375,
        0.990234375,
        0.99658203125,
        0.997802734375,
        0.998779296875,
        0.999755859375,
        1.0,
        1.0,
        1.0,
        1.0,
        1.0
    ],
    "MFFT": [
        0.005615234375,
        0.00439453125,
        0.00537109375,
        0.008056640625,
        0.00732421875,
        0.010009765625,
        0.01220703125,
        0.017578125,
        0.0185546875,
        0.028076171875,
        0.037353515625,
        0.048583984375,
        0.071044921875,
        0.10009765625,
        0.158447265625,
        0.2138671875,
        0.303466796875,
        0.430908203125,
        0.57177734375,
        0.711669921875,
        0.832275390625,
        0.90625,
        0.953369140625,
        0.974853515625,
        0.982666015625,
        0.98974609375,
        0.996337890625,
        0.998046875,
        0.999755859375,
        1.0,
        1.0,
        1.0,
        1.0,
        1.0,
        1.0,
        1.0,
        1.0,
        1.0
    ],
    "HFFT": [
        0.006103515625,
        0.00634765625,
        0.008544921875,
        0.010009765625,
        0.011962890625,
        0.016845703125,
        0.015380859375,
        0.023193359375,
        0.0263671875,
        0.03564453125,
        0.0517578125,
        0.069091796875,
        0.105224609375,
        0.158203125,
        0.218994140625,
        0.300048828125,
        0.40087890625,
        0.505126953125,
        0.631103515625,
        0.736328125,
        0.820068359375,
        0.894775390625,
        0.93896484375,
        0.9599609375,
        0.97509765625,
        0.98974609375,
        0.991455078125,
        0.994873046875,
        0.997314453125,
        0.997802734375,
        0.999267578125,
        1.0,
        1.0,
        1.0,
        1.0,
        1.0,
        1.0,
        1.0
    ],
    "snr_range": [
        -40,
        -39,
        -38,
        -37,
        -36,
        -35,
        -34,
        -33,
        -32,
        -31,
        -30,
        -29,
        -28,
        -27,
        -26,
        -25,
        -24,
        -23,
        -22,
        -21,
        -20,
        -19,
        -18,
        -17,
        -16,
        -15,
        -14,
        -13,
        -12,
        -11,
        -10,
        -9,
        -8,
        -7,
        -6,
        -5,
        -4,
        -3
    ],
    "sf": 8
}