{
    "ChirpSmoother": [
        0.00732421875,
        0.010009765625,
        0.011962890625,
        0.02001953125,
        0.02734375,
        0.04296875,
        0.059326171875,
        0.088134765625,
        0.117431640625,
        0.186767578125,
        0.271728515625,
        0.379150390625,
        0.52001953125,
        0.67822265625,
        0.82861328125,
        0.925537109375,
        0.976318359375,
        0.99658203125,
        0.9990234375,
        1.0,
        1.0,
        1.0,
        1.0,
        1.0,
        1.0,
        1.0,
        1.0,
        1.0,
        1.0,
        1.0,
        1.0,
        1.0,
        1.0,
        1.0,
        1.0,
        1.0,
        1.0,
        1.0
    ],
    "LoRa Trimmer": [
        0.00537109375,
        0.0107421875,
        0.013671875,
        0.01220703125,
        0.021240234375,
        0.02783203125,
        0.0400390625,
        0.052978515625,
        0.081787109375,
        0.128173828125,
        0.192138671875,
        0.270751953125,
        0.384033203125,
        0.54443359375,
        0.69482421875,
        0.822509765625,
        0.932861328125,
        0.975830078125,
        0.995849609375,
        0.99951171875,
        1.0,
        1.0,
        1.0,
        1.0,
        1.0,
        1.0,
        1.0,
        1.0,
        1.0,
        1.0,
        1.0,
        1.0,
        1.0,
        1.0,
        1.0,
        1.0,
        1.0,
        1.0
    ],
    "LoRaPHY-CPA": [
        0.00390625,
        0.005859375,
        0.006591796875,
        0.007080078125,
        0.0126953125,
        0.01220703125,
        0.017333984375,
        0.0205078125,
        0.029296875,
        0.0419921875,
        0.0654296875,
        0.10498046875,
        0.14990234375,
        0.2314453125,
        0.337158203125,
        0.484375,
        0.626220703125,
        0.761962890625,
        0.864990234375,
        0.9169921875,
        0.94873046875,
        0.957275390625,
        0.96923828125,
        0.979248046875,
        0.990234375,
        0.994140625,
        0.9970703125,
        0.999267578125,
        0.9990234375,
        1.0,
        1.0,
        1.0,
        1.0,
        1.0,
        1.0,
        1.0,
        1.0,
        1.0
    ],
    "LoRaPHY-FPA": [
        0.003173828125,
        0.004150390625,
        0.006103515625,
        0.007080078125,
        0.006591796875,
        0.0126953125,
        0.013916015625,
        0.023193359375,
        0.032470703125,
        0.04345703125,
        0.062255859375,
        0.094970703125,
        0.136474609375,
        0.229736328125,
        0.335205078125,
        0.46826171875,
        0.611083984375,
        0.763916015625,
        0.863037109375,
        0.91552734375,
        0.94580078125,
        0.961181640625,
        0.9677734375,
        0.97998046875,
        0.986328125,
        0.992431640625,
        0.995849609375,
        0.999755859375,
        0.998779296875,
        1.0,
        1.0,
        1.0,
        1.0,
        1.0,
        1.0,
        1.0,
        1.0,
        1.0
    ],
    "MFFT": [
        0.004638671875,
        0.004150390625,
        0.005615234375,
        0.0078125,
        0.01171875,
        0.01318359375,
        0.017822265625,
        0.02734375,
        0.03271484375,
        0.04931640625,
        0.06689453125,
        0.109619140625,
        0.16455078125,
        0.24609375,
        0.34375,
        0.5107421875,
        0.660888671875,
        0.7978515625,
        0.892822265625,
        0.93896484375,
        0.97509765625,
        0.98291015625,
        0.99267578125,
        0.996826171875,
        0.99853515625,
        0.999267578125,
        1.0,
        1.0,
        1.0,
        1.0,
        1.0,
        1.0,
        1.0,
        1.0,
        1.0,
        1.0,
        1.0,
        1.0
    ],
    "HFFT": [
        0.00439453125,
        0.00341796875,
        0.00634765625,
        0.011962890625,
        0.012939453125,
        0.02197265625,
        0.025146484375,
        0.0419921875,
        0.057861328125,
        0.078369140625,
        0.1123046875,
        0.17431640625,
        0.243896484375,
        0.340087890625,
        0.4794921875,
        0.589111328125,
        0.696533203125,
        0.8037109375,
        0.8798828125,
        0.928466796875,
        0.96044921875,
        0.9736328125,
        0.988525390625,
        0.99365234375,
        0.994873046875,
        0.998291015625,
        0.999267578125,
        1.0,
        0.999755859375,
        1.0,
        1.0,
        1.0,
        1.0,
        1.0,
        1.0,
        1.0,
        1.0,
        1.0
    ],
    "snr_range": [
        -40,
        -39,
        -38,
        -37,
        -36,
        -35,
        -34,
        -33,
        -32,
        -31,
        -30,
        -29,
        -28,
        -27,
        -26,
        -25,
        -24,
        -23,
        -22,
        -21,
        -20,
        -19,
        -18,
        -17,
        -16,
        -15,
        -14,
        -13,
        -12,
        -11,
        -10,
        -9,
        -8,
        -7,
        -6,
        -5,
        -4,
        -3
    ],
    "sf": 9
}