{
    "our": [
        0.01953125,
        0.015625,
        0.025390625,
        0.044921875,
        0.12890625,
        0.345703125,
        0.666015625,
        0.94921875,
        1.0,
        1.0,
        1.0,
        1.0,
        1.0
    ],
    "our_IQ": [
        0.0078125,
        0.021484375,
        0.03125,
        0.0625,
        0.1171875,
        0.287109375,
        0.6640625,
        0.96484375,
        1.0,
        1.0,
        1.0,
        1.0,
        1.0
    ],
    "hfft_decode": [
        0.00390625,
        0.015625,
        0.0234375,
        0.021484375,
        0.0703125,
        0.140625,
        0.3359375,
        0.703125,
        0.919921875,
        0.98046875,
        1.0,
        1.0,
        1.0
    ],
    "LoRa Trimmer": [
        0.01953125,
        0.01171875,
        0.009765625,
        0.046875,
        0.095703125,
        0.1953125,
        0.544921875,
        0.912109375,
        0.998046875,
        1.0,
        1.0,
        1.0,
        1.0
    ],
    "LoRaPHY": [
        0.009765625,
        0.017578125,
        0.01171875,
        0.01953125,
        0.0390625,
        0.09375,
        0.255859375,
        0.591796875,
        0.91015625,
        0.96875,
        0.982421875,
        1.0,
        1.0
    ],
    "snr_range": [
        -40,
        -37,
        -34,
        -31,
        -28,
        -25,
        -22,
        -19,
        -16,
        -13,
        -10,
        -7,
        -4
    ],
    "sf": 7
}