{
    "ChirpSmoother": [
        0.010498046875,
        0.03466796875,
        0.1326904296875,
        0.4530029296875,
        0.900634765625,
        0.9993896484375,
        1.0,
        1.0,
        1.0,
        1.0,
        1.0,
        1.0,
        1.0
    ],
    "LoRa Trimmer": [
        0.00927734375,
        0.025390625,
        0.08740234375,
        0.30810546875,
        0.7740478515625,
        0.993896484375,
        1.0,
        1.0,
        1.0,
        1.0,
        1.0,
        1.0,
        1.0
    ],
    "LoRaPHY-CPA": [
        0.003662109375,
        0.009033203125,
        0.0269775390625,
        0.11279296875,
        0.41357421875,
        0.84326171875,
        0.961181640625,
        0.988525390625,
        0.9984130859375,
        1.0,
        1.0,
        1.0,
        1.0
    ],
    "LoRaPHY-FPA": [
        0.0040283203125,
        0.007568359375,
        0.02734375,
        0.1119384765625,
        0.3997802734375,
        0.8416748046875,
        0.9593505859375,
        0.9886474609375,
        0.998046875,
        1.0,
        1.0,
        1.0,
        1.0
    ],
    "MFFT": [
        0.0042724609375,
        0.0115966796875,
        0.033935546875,
        0.12353515625,
        0.4315185546875,
        0.8701171875,
        0.9835205078125,
        0.9979248046875,
        1.0,
        1.0,
        1.0,
        1.0,
        1.0
    ],
    "HFFT": [
        0.00537109375,
        0.0177001953125,
        0.0550537109375,
        0.203369140625,
        0.5216064453125,
        0.8570556640625,
        0.9759521484375,
        0.99560546875,
        0.9993896484375,
        1.0,
        1.0,
        1.0,
        1.0
    ],
    "snr_range": [
        -40,
        -37,
        -34,
        -31,
        -28,
        -25,
        -22,
        -19,
        -16,
        -13,
        -10,
        -7,
        -4
    ],
    "sf": 10
}