{
    "our": [
        0.0078125,
        0.0078125,
        0.03125,
        0.015625,
        0.0234375,
        0.0546875,
        0.140625,
        0.2109375,
        0.4453125,
        0.75,
        0.875,
        0.984375,
        0.9921875,
        1.0,
        1.0,
        1.0,
        1.0,
        1.0,
        1.0
    ],
    "hfft_decode": [
        0.0,
        0.0,
        0.0,
        0.015625,
        0.0234375,
        0.0625,
        0.0625,
        0.109375,
        0.15625,
        0.3671875,
        0.5625,
        0.796875,
        0.921875,
        0.96875,
        0.9765625,
        0.9921875,
        1.0,
        1.0,
        1.0
    ],
    "LoRa Trimmer": [
        0.0078125,
        0.03125,
        0.0234375,
        0.015625,
        0.0234375,
        0.0390625,
        0.0859375,
        0.1640625,
        0.2421875,
        0.5390625,
        0.8125,
        0.9609375,
        1.0,
        1.0,
        1.0,
        1.0,
        1.0,
        1.0,
        1.0
    ],
    "LoRaPHY-CPA": [
        0.0078125,
        0.0,
        0.0078125,
        0.0078125,
        0.03125,
        0.0078125,
        0.0546875,
        0.0390625,
        0.1328125,
        0.28125,
        0.3828125,
        0.734375,
        0.796875,
        0.9609375,
        0.96875,
        0.9765625,
        1.0,
        1.0,
        1.0
    ],
    "LoRaPHY-FPA": [
        0.0,
        0.0,
        0.0078125,
        0.0078125,
        0.015625,
        0.0234375,
        0.0703125,
        0.0234375,
        0.140625,
        0.2734375,
        0.453125,
        0.7421875,
        0.9140625,
        0.9453125,
        0.9765625,
        0.984375,
        1.0,
        1.0,
        1.0
    ],
    "snr_range": [
        -40,
        -38,
        -36,
        -34,
        -32,
        -30,
        -28,
        -26,
        -24,
        -22,
        -20,
        -18,
        -16,
        -14,
        -12,
        -10,
        -8,
        -6,
        -4
    ],
    "sf": 7
}