{
    "ChirpSmoother": [
        0.026611328125,
        0.105712890625,
        0.387451171875,
        0.8663330078125,
        0.998779296875,
        1.0,
        1.0,
        1.0,
        1.0,
        1.0,
        1.0,
        1.0,
        1.0
    ],
    "LoRa Trimmer": [
        0.018310546875,
        0.066162109375,
        0.2593994140625,
        0.7281494140625,
        0.988037109375,
        1.0,
        1.0,
        1.0,
        1.0,
        1.0,
        1.0,
        1.0,
        1.0
    ],
    "LoRaPHY-CPA": [
        0.009521484375,
        0.023193359375,
        0.0916748046875,
        0.3758544921875,
        0.8690185546875,
        0.98974609375,
        0.9967041015625,
        0.9996337890625,
        1.0,
        1.0,
        1.0,
        1.0,
        1.0
    ],
    "LoRaPHY-FPA": [
        0.0074462890625,
        0.0242919921875,
        0.0924072265625,
        0.377197265625,
        0.8709716796875,
        0.98974609375,
        0.99658203125,
        0.99951171875,
        1.0,
        1.0,
        1.0,
        1.0,
        1.0
    ],
    "MFFT": [
        0.0074462890625,
        0.02490234375,
        0.098388671875,
        0.3936767578125,
        0.8807373046875,
        0.99462890625,
        0.99951171875,
        1.0,
        1.0,
        1.0,
        1.0,
        1.0,
        1.0
    ],
    "HFFT": [
        0.0118408203125,
        0.0400390625,
        0.1605224609375,
        0.4793701171875,
        0.843994140625,
        0.9871826171875,
        0.9989013671875,
        1.0,
        1.0,
        1.0,
        1.0,
        1.0,
        1.0
    ],
    "snr_range": [
        -40,
        -37,
        -34,
        -31,
        -28,
        -25,
        -22,
        -19,
        -16,
        -13,
        -10,
        -7,
        -4
    ],
    "sf": 11
}