{
    "ChirpSmoother": [
        0.010498046875,
        0.014892578125,
        0.02587890625,
        0.045654296875,
        0.116943359375,
        0.30859375,
        0.67236328125,
        0.963134765625,
        1.0,
        1.0,
        1.0,
        1.0,
        1.0
    ],
    "LoRa Trimmer": [
        0.01220703125,
        0.011474609375,
        0.02294921875,
        0.04052734375,
        0.08837890625,
        0.222900390625,
        0.53466796875,
        0.901611328125,
        0.99853515625,
        1.0,
        1.0,
        1.0,
        1.0
    ],
    "LoRaPHY-CPA": [
        0.0068359375,
        0.0126953125,
        0.017333984375,
        0.0263671875,
        0.03759765625,
        0.097900390625,
        0.256591796875,
        0.60986328125,
        0.887939453125,
        0.959228515625,
        0.98876953125,
        0.99853515625,
        0.999755859375
    ],
    "LoRaPHY-FPA": [
        0.00830078125,
        0.01025390625,
        0.013916015625,
        0.0205078125,
        0.043212890625,
        0.0927734375,
        0.250244140625,
        0.6015625,
        0.886962890625,
        0.96435546875,
        0.987548828125,
        0.998779296875,
        1.0
    ],
    "MFFT": [
        0.0068359375,
        0.00439453125,
        0.009765625,
        0.007568359375,
        0.014892578125,
        0.0234375,
        0.04541015625,
        0.10400390625,
        0.27783203125,
        0.59716796875,
        0.90625,
        0.984375,
        0.998779296875
    ],
    "HFFT": [
        0.01171875,
        0.0107421875,
        0.014892578125,
        0.0322265625,
        0.067626953125,
        0.14990234375,
        0.3623046875,
        0.68115234375,
        0.90966796875,
        0.9794921875,
        0.99560546875,
        0.9990234375,
        1.0
    ],
    "snr_range": [
        -40,
        -37,
        -34,
        -31,
        -28,
        -25,
        -22,
        -19,
        -16,
        -13,
        -10,
        -7,
        -4
    ],
    "sf": 7
}