{
    "ChirpSmoother": [
        0.01171875,
        0.01171875,
        0.048828125,
        0.0546875,
        0.111328125,
        0.33203125,
        0.642578125,
        0.953125,
        1.0,
        1.0,
        1.0,
        1.0,
        1.0
    ],
    "LoRa Trimmer": [
        0.01171875,
        0.02734375,
        0.01953125,
        0.041015625,
        0.10546875,
        0.21875,
        0.521484375,
        0.916015625,
        0.998046875,
        1.0,
        1.0,
        1.0,
        1.0
    ],
    "LoRaPHY-CPA": [
        0.013671875,
        0.017578125,
        0.005859375,
        0.025390625,
        0.037109375,
        0.1015625,
        0.248046875,
        0.609375,
        0.875,
        0.96484375,
        0.990234375,
        0.998046875,
        1.0
    ],
    "LoRaPHY-FPA": [
        0.009765625,
        0.01171875,
        0.013671875,
        0.021484375,
        0.0390625,
        0.0859375,
        0.296875,
        0.5703125,
        0.880859375,
        0.955078125,
        0.9921875,
        1.0,
        1.0
    ],
    "MFFT": [
        0.00390625,
        0.00390625,
        0.01953125,
        0.009765625,
        0.013671875,
        0.025390625,
        0.025390625,
        0.08984375,
        0.2265625,
        0.630859375,
        0.90234375,
        0.986328125,
        1.0
    ],
    "HFFT": [
        0.009765625,
        0.013671875,
        0.013671875,
        0.03515625,
        0.052734375,
        0.140625,
        0.3671875,
        0.654296875,
        0.908203125,
        0.974609375,
        0.994140625,
        1.0,
        1.0
    ],
    "snr_range": [
        -40,
        -37,
        -34,
        -31,
        -28,
        -25,
        -22,
        -19,
        -16,
        -13,
        -10,
        -7,
        -4
    ],
    "sf": 7
}