{
    "ChirpSmoother": [
        0.0799560546875,
        0.3275146484375,
        0.8372802734375,
        0.99853515625,
        1.0,
        1.0,
        1.0,
        1.0,
        1.0,
        1.0,
        1.0,
        1.0,
        1.0
    ],
    "LoRa Trimmer": [
        0.0467529296875,
        0.2142333984375,
        0.662841796875,
        0.9857177734375,
        1.0,
        1.0,
        1.0,
        1.0,
        1.0,
        1.0,
        1.0,
        1.0,
        1.0
    ],
    "LoRaPHY-CPA": [
        0.0164794921875,
        0.0631103515625,
        0.3079833984375,
        0.8428955078125,
        0.98876953125,
        0.9974365234375,
        0.999755859375,
        0.9998779296875,
        1.0,
        1.0,
        1.0,
        1.0,
        1.0
    ],
    "LoRaPHY-FPA": [
        0.015625,
        0.05908203125,
        0.3056640625,
        0.8431396484375,
        0.9908447265625,
        0.99755859375,
        0.9993896484375,
        1.0,
        1.0,
        1.0,
        1.0,
        1.0,
        1.0
    ],
    "MFFT": [
        0.0164794921875,
        0.0740966796875,
        0.32275390625,
        0.8485107421875,
        0.996337890625,
        0.999267578125,
        1.0,
        1.0,
        1.0,
        1.0,
        1.0,
        1.0,
        1.0
    ],
    "HFFT": [
        0.029296875,
        0.129150390625,
        0.4254150390625,
        0.81201171875,
        0.9830322265625,
        0.9981689453125,
        1.0,
        1.0,
        1.0,
        1.0,
        1.0,
        1.0,
        1.0
    ],
    "snr_range": [
        -40,
        -37,
        -34,
        -31,
        -28,
        -25,
        -22,
        -19,
        -16,
        -13,
        -10,
        -7,
        -4
    ],
    "sf": 12
}