{
    "our": [
        0.021484375,
        0.01953125,
        0.025390625,
        0.0546875,
        0.13671875,
        0.31640625,
        0.65625,
        0.951171875,
        1.0,
        1.0,
        1.0,
        1.0,
        1.0
    ],
    "hfft_decode": [
        0.013671875,
        0.005859375,
        0.015625,
        0.01953125,
        0.06640625,
        0.1484375,
        0.396484375,
        0.662109375,
        0.896484375,
        0.970703125,
        0.994140625,
        1.0,
        1.0
    ],
    "LoRa Trimmer": [
        0.013671875,
        0.01953125,
        0.01953125,
        0.021484375,
        0.080078125,
        0.21875,
        0.537109375,
        0.8984375,
        0.9921875,
        1.0,
        1.0,
        1.0,
        1.0
    ],
    "LoRaPHY": [
        0.015625,
        0.013671875,
        0.013671875,
        0.015625,
        0.037109375,
        0.083984375,
        0.244140625,
        0.6328125,
        0.88671875,
        0.970703125,
        0.986328125,
        1.0,
        1.0
    ],
    "snr_range": [
        -40,
        -37,
        -34,
        -31,
        -28,
        -25,
        -22,
        -19,
        -16,
        -13,
        -10,
        -7,
        -4
    ],
    "sf": 7
}