{
    "ChirpSmoother": [
        0.0,
        0.0078125,
        0.03125,
        0.015625,
        0.046875,
        0.0234375,
        0.1171875,
        0.171875,
        0.296875,
        0.6171875,
        0.875,
        0.9921875,
        1.0,
        1.0,
        1.0,
        1.0,
        1.0,
        1.0,
        1.0
    ],
    "LoRa Trimmer": [
        0.0078125,
        0.0,
        0.0078125,
        0.046875,
        0.046875,
        0.0625,
        0.125,
        0.125,
        0.2890625,
        0.5234375,
        0.7421875,
        0.9375,
        1.0,
        1.0,
        1.0,
        1.0,
        1.0,
        1.0,
        1.0
    ],
    "LoRaPHY-CPA": [
        0.0078125,
        0.015625,
        0.0078125,
        0.015625,
        0.0,
        0.0234375,
        0.0703125,
        0.0625,
        0.125,
        0.359375,
        0.484375,
        0.7265625,
        0.8671875,
        0.9140625,
        0.96875,
        1.0,
        1.0,
        1.0,
        1.0
    ],
    "LoRaPHY-FPA": [
        0.015625,
        0.015625,
        0.03125,
        0.0078125,
        0.0234375,
        0.0078125,
        0.0390625,
        0.0546875,
        0.1328125,
        0.15625,
        0.4375,
        0.703125,
        0.8515625,
        0.9609375,
        0.96875,
        1.0,
        1.0,
        1.0,
        1.0
    ],
    "MFFT": [
        0.0078125,
        0.0078125,
        0.0,
        0.0078125,
        0.0625,
        0.0234375,
        0.0546875,
        0.0703125,
        0.15625,
        0.3046875,
        0.5,
        0.765625,
        0.90625,
        0.96875,
        1.0,
        1.0,
        1.0,
        1.0,
        1.0
    ],
    "HFFT": [
        0.0,
        0.0078125,
        0.015625,
        0.0234375,
        0.0234375,
        0.03125,
        0.0546875,
        0.1171875,
        0.171875,
        0.421875,
        0.578125,
        0.7578125,
        0.890625,
        0.9609375,
        0.984375,
        1.0,
        1.0,
        1.0,
        1.0
    ],
    "snr_range": [
        -40,
        -38,
        -36,
        -34,
        -32,
        -30,
        -28,
        -26,
        -24,
        -22,
        -20,
        -18,
        -16,
        -14,
        -12,
        -10,
        -8,
        -6,
        -4
    ],
    "sf": 7
}