{
    "our": [
        0.01171875,
        0.01171875,
        0.021484375,
        0.0322265625,
        0.029296875,
        0.0771484375,
        0.1083984375,
        0.2373046875,
        0.4140625,
        0.6884765625,
        0.919921875,
        0.994140625,
        1.0,
        1.0,
        1.0,
        1.0,
        1.0,
        1.0,
        1.0
    ],
    "our_IQ": [
        0.009765625,
        0.0126953125,
        0.0166015625,
        0.0302734375,
        0.041015625,
        0.0537109375,
        0.1123046875,
        0.2353515625,
        0.421875,
        0.677734375,
        0.9140625,
        0.9951171875,
        1.0,
        1.0,
        1.0,
        1.0,
        1.0,
        1.0,
        1.0
    ],
    "hfft_decode": [
        0.0107421875,
        0.005859375,
        0.0068359375,
        0.015625,
        0.025390625,
        0.044921875,
        0.05859375,
        0.1083984375,
        0.2158203125,
        0.369140625,
        0.5771484375,
        0.7861328125,
        0.8974609375,
        0.9775390625,
        0.984375,
        0.9951171875,
        1.0,
        0.9990234375,
        1.0
    ],
    "LoRa Trimmer": [
        0.005859375,
        0.013671875,
        0.015625,
        0.03515625,
        0.0244140625,
        0.0419921875,
        0.0859375,
        0.1728515625,
        0.3193359375,
        0.5654296875,
        0.810546875,
        0.9521484375,
        0.9951171875,
        1.0,
        1.0,
        1.0,
        1.0,
        1.0,
        1.0
    ],
    "LoRaPHY": [
        0.0078125,
        0.0107421875,
        0.01171875,
        0.015625,
        0.013671875,
        0.0234375,
        0.0341796875,
        0.060546875,
        0.1357421875,
        0.2509765625,
        0.466796875,
        0.716796875,
        0.8916015625,
        0.953125,
        0.9765625,
        0.986328125,
        0.9970703125,
        1.0,
        1.0
    ],
    "snr_range": [
        -40,
        -38,
        -36,
        -34,
        -32,
        -30,
        -28,
        -26,
        -24,
        -22,
        -20,
        -18,
        -16,
        -14,
        -12,
        -10,
        -8,
        -6,
        -4
    ],
    "sf": 7
}