{
    "ChirpSmoother": [
        0.00830078125,
        0.0145263671875,
        0.0341796875,
        0.081787109375,
        0.234130859375,
        0.6070556640625,
        0.9462890625,
        1.0,
        1.0,
        1.0,
        1.0,
        1.0,
        1.0
    ],
    "LoRa Trimmer": [
        0.0067138671875,
        0.0125732421875,
        0.025634765625,
        0.0595703125,
        0.1695556640625,
        0.4669189453125,
        0.869873046875,
        0.99755859375,
        1.0,
        1.0,
        1.0,
        1.0,
        1.0
    ],
    "LoRaPHY-CPA": [
        0.005859375,
        0.0084228515625,
        0.0128173828125,
        0.024658203125,
        0.065673828125,
        0.203857421875,
        0.5382080078125,
        0.8760986328125,
        0.961181640625,
        0.98779296875,
        0.9981689453125,
        1.0,
        1.0
    ],
    "LoRaPHY-FPA": [
        0.0047607421875,
        0.00927734375,
        0.009765625,
        0.026123046875,
        0.0638427734375,
        0.2042236328125,
        0.5394287109375,
        0.873291015625,
        0.9583740234375,
        0.9873046875,
        0.997314453125,
        1.0,
        1.0
    ],
    "MFFT": [
        0.005615234375,
        0.0078125,
        0.0130615234375,
        0.02880859375,
        0.072509765625,
        0.2177734375,
        0.5821533203125,
        0.909912109375,
        0.9849853515625,
        0.998779296875,
        1.0,
        1.0,
        1.0
    ],
    "HFFT": [
        0.0059814453125,
        0.0091552734375,
        0.0169677734375,
        0.0377197265625,
        0.1051025390625,
        0.3050537109375,
        0.6343994140625,
        0.8968505859375,
        0.9808349609375,
        0.996337890625,
        0.999755859375,
        1.0,
        1.0
    ],
    "snr_range": [
        -40,
        -37,
        -34,
        -31,
        -28,
        -25,
        -22,
        -19,
        -16,
        -13,
        -10,
        -7,
        -4
    ],
    "sf": 8
}