{
    "ChirpSmoother": [
        0.0078125,
        0.015625,
        0.0234375,
        0.05078125,
        0.06640625,
        0.30859375,
        0.58203125,
        0.93359375,
        1.0,
        1.0,
        1.0,
        1.0,
        1.0
    ],
    "HFFT": [
        0.0078125,
        0.00390625,
        0.01171875,
        0.015625,
        0.03125,
        0.05859375,
        0.27734375,
        0.58984375,
        0.87890625,
        0.95703125,
        0.98828125,
        1.0,
        1.0
    ],
    "MFFT": [
        0.0078125,
        0.00390625,
        0.0078125,
        0.01171875,
        0.02734375,
        0.09375,
        0.234375,
        0.546875,
        0.93359375,
        0.98046875,
        1.0,
        1.0,
        1.0
    ],
    "LoRa Trimmer": [
        0.00390625,
        0.00390625,
        0.01171875,
        0.015625,
        0.046875,
        0.17578125,
        0.4296875,
        0.859375,
        0.99609375,
        1.0,
        1.0,
        1.0,
        1.0
    ],
    "LoRaPHY-CPA": [
        0.00390625,
        0.00390625,
        0.0078125,
        0.015625,
        0.03125,
        0.0703125,
        0.15625,
        0.6015625,
        0.8828125,
        0.94921875,
        0.99609375,
        0.99609375,
        1.0
    ],
    "LoRaPHY-FPA": [
        0.00390625,
        0.00390625,
        0.00390625,
        0.01953125,
        0.01171875,
        0.06640625,
        0.234375,
        0.57421875,
        0.88671875,
        0.95703125,
        0.98828125,
        1.0,
        1.0
    ],
    "snr_range": [
        -40,
        -37,
        -34,
        -31,
        -28,
        -25,
        -22,
        -19,
        -16,
        -13,
        -10,
        -7,
        -4
    ],
    "sf": 8,
    "bw": 250000
}