{
    "ChirpSmoother": [
        0.0,
        0.00390625,
        0.0234375,
        0.01171875,
        0.04296875,
        0.05859375,
        0.234375,
        0.6328125,
        0.93359375,
        1.0,
        1.0,
        1.0,
        1.0
    ],
    "HFFT": [
        0.00390625,
        0.00390625,
        0.00390625,
        0.0,
        0.00390625,
        0.046875,
        0.09765625,
        0.296875,
        0.56640625,
        0.875,
        0.96875,
        0.9921875,
        1.0
    ],
    "MFFT": [
        0.0,
        0.00390625,
        0.01171875,
        0.0078125,
        0.015625,
        0.0234375,
        0.0625,
        0.21484375,
        0.55078125,
        0.90234375,
        0.98046875,
        1.0,
        1.0
    ],
    "LoRa Trimmer": [
        0.0078125,
        0.0,
        0.00390625,
        0.01953125,
        0.0078125,
        0.08984375,
        0.1796875,
        0.4609375,
        0.85546875,
        0.99609375,
        1.0,
        1.0,
        1.0
    ],
    "LoRaPHY-CPA": [
        0.0078125,
        0.0078125,
        0.0,
        0.01171875,
        0.01171875,
        0.02734375,
        0.05859375,
        0.1875,
        0.53125,
        0.84765625,
        0.96875,
        0.98828125,
        0.99609375
    ],
    "LoRaPHY-FPA": [
        0.00390625,
        0.0,
        0.00390625,
        0.00390625,
        0.01171875,
        0.0234375,
        0.05078125,
        0.2265625,
        0.5390625,
        0.88671875,
        0.96484375,
        0.984375,
        1.0
    ],
    "snr_range": [
        -40,
        -37,
        -34,
        -31,
        -28,
        -25,
        -22,
        -19,
        -16,
        -13,
        -10,
        -7,
        -4
    ],
    "sf": 8,
    "bw": 500000
}