{
    "ChirpSmoother": [
        0.0078125,
        0.015625,
        0.015625,
        0.0390625,
        0.046875,
        0.0703125,
        0.1875,
        0.2109375,
        0.3359375,
        0.65625,
        0.9140625,
        0.984375,
        1.0,
        1.0,
        1.0,
        1.0,
        1.0,
        1.0,
        1.0
    ],
    "LoRa Trimmer": [
        0.0078125,
        0.015625,
        0.0,
        0.046875,
        0.0703125,
        0.046875,
        0.1015625,
        0.171875,
        0.34375,
        0.5,
        0.8125,
        0.9453125,
        1.0,
        1.0,
        1.0,
        1.0,
        1.0,
        1.0,
        1.0
    ],
    "LoRaPHY-CPA": [
        0.0,
        0.015625,
        0.0,
        0.0078125,
        0.015625,
        0.0390625,
        0.03125,
        0.0625,
        0.140625,
        0.2890625,
        0.4765625,
        0.7890625,
        0.8984375,
        0.9453125,
        0.9921875,
        0.96875,
        0.9921875,
        1.0,
        1.0
    ],
    "LoRaPHY-FPA": [
        0.0,
        0.015625,
        0.0,
        0.015625,
        0.0078125,
        0.0234375,
        0.0234375,
        0.0546875,
        0.1328125,
        0.3125,
        0.4609375,
        0.8046875,
        0.8984375,
        0.9609375,
        0.9921875,
        1.0,
        0.9921875,
        1.0,
        1.0
    ],
    "HFFT": [
        0.0,
        0.015625,
        0.0078125,
        0.03125,
        0.03125,
        0.0390625,
        0.0546875,
        0.09375,
        0.1953125,
        0.375,
        0.6015625,
        0.7578125,
        0.9140625,
        0.96875,
        1.0,
        0.9921875,
        1.0,
        1.0,
        1.0
    ],
    "snr_range": [
        -40,
        -38,
        -36,
        -34,
        -32,
        -30,
        -28,
        -26,
        -24,
        -22,
        -20,
        -18,
        -16,
        -14,
        -12,
        -10,
        -8,
        -6,
        -4
    ],
    "sf": 7
}