{
    "ChirpSmoother": [
        0.4968959263392857,
        0.49853515625,
        0.4931640625,
        0.49525669642857145,
        0.488037109375,
        0.49668666294642855,
        0.4871303013392857,
        0.48988560267857145,
        0.4821079799107143,
        0.47910853794642855,
        0.46920340401785715,
        0.45968191964285715,
        0.445556640625,
        0.41566685267857145,
        0.40004185267857145,
        0.3436802455357143,
        0.2921665736607143,
        0.23814174107142858,
        0.17267717633928573,
        0.10553850446428571,
        0.04436383928571429,
        0.019705636160714284,
        0.004813058035714286,
        0.0005231584821428571,
        0.0,
        0.0,
        0.0,
        0.0,
        0.0,
        0.0,
        0.0,
        0.0,
        0.0,
        0.0,
        0.0,
        0.0,
        0.0,
        0.0
    ],
    "LoRa Trimmer": [
        0.49278041294642855,
        0.49400111607142855,
        0.49574497767857145,
        0.49654715401785715,
        0.49766322544642855,
        0.49490792410714285,
        0.49166434151785715,
        0.4927455357142857,
        0.487060546875,
        0.482666015625,
        0.47715541294642855,
        0.47446986607142855,
        0.45947265625,
        0.4366978236607143,
        0.419921875,
        0.381591796875,
        0.34695870535714285,
        0.2809361049107143,
        0.22551618303571427,
        0.16085379464285715,
        0.098388671875,
        0.046909877232142856,
        0.016950334821428572,
        0.0038364955357142855,
        0.0008719308035714286,
        0.00013950892857142856,
        0.0,
        0.0,
        0.0,
        0.0,
        0.0,
        0.0,
        0.0,
        0.0,
        0.0,
        0.0,
        0.0,
        0.0
    ],
    "LoRaPHY-CPA": [
        0.5039760044642857,
        0.48915318080357145,
        0.5040457589285714,
        0.49808175223214285,
        0.49769810267857145,
        0.5001395089285714,
        0.49783761160714285,
        0.4915248325892857,
        0.4940708705357143,
        0.4872349330357143,
        0.49068777901785715,
        0.48095703125,
        0.48291015625,
        0.4706333705357143,
        0.46079799107142855,
        0.4476841517857143,
        0.43505859375,
        0.389404296875,
        0.35410853794642855,
        0.3054896763392857,
        0.24298967633928573,
        0.17302594866071427,
        0.11882672991071429,
        0.06821986607142858,
        0.03923688616071429,
        0.021693638392857144,
        0.014822823660714286,
        0.009974888392857142,
        0.008649553571428572,
        0.0048828125,
        0.0034877232142857145,
        0.0020577566964285715,
        0.0013253348214285715,
        0.00013950892857142856,
        0.00027901785714285713,
        0.00010463169642857142,
        3.487723214285714e-05,
        0.00010463169642857142
    ],
    "LoRaPHY-FPA": [
        0.50048828125,
        0.49727957589285715,
        0.5038016183035714,
        0.5028250558035714,
        0.49560546875,
        0.4967564174107143,
        0.49776785714285715,
        0.49550083705357145,
        0.4872349330357143,
        0.4945591517857143,
        0.48978097098214285,
        0.48427036830357145,
        0.4783412388392857,
        0.4774693080357143,
        0.46390206473214285,
        0.4530552455357143,
        0.4276646205357143,
        0.39951869419642855,
        0.3601771763392857,
        0.30859375,
        0.24455915178571427,
        0.17794363839285715,
        0.109375,
        0.06623186383928571,
        0.037144252232142856,
        0.023123604910714284,
        0.013044084821428572,
        0.012311662946428572,
        0.009660993303571428,
        0.004429408482142857,
        0.0030691964285714285,
        0.0022670200892857145,
        0.0012904575892857143,
        0.0005580357142857143,
        3.487723214285714e-05,
        3.487723214285714e-05,
        0.0,
        0.0
    ],
    "MFFT": [
        0.49654715401785715,
        0.4990234375,
        0.49989536830357145,
        0.5018833705357143,
        0.4988490513392857,
        0.49515206473214285,
        0.49720982142857145,
        0.49710518973214285,
        0.49539620535714285,
        0.49539620535714285,
        0.49173409598214285,
        0.49051339285714285,
        0.47677176339285715,
        0.4732142857142857,
        0.4576939174107143,
        0.44273158482142855,
        0.42665318080357145,
        0.40066964285714285,
        0.34946986607142855,
        0.29115513392857145,
        0.23863002232142858,
        0.16978236607142858,
        0.10637555803571429,
        0.05576869419642857,
        0.030343191964285716,
        0.014962332589285714,
        0.009835379464285714,
        0.003976004464285714,
        0.0025111607142857145,
        0.0012904575892857143,
        0.0009068080357142857,
        0.00010463169642857142,
        0.0,
        0.0,
        0.0,
        0.0,
        0.0,
        0.0
    ],
    "HFFT": [
        0.5008370535714286,
        0.49483816964285715,
        0.4998256138392857,
        0.49319893973214285,
        0.4967564174107143,
        0.49574497767857145,
        0.49912806919642855,
        0.4908970424107143,
        0.48838588169642855,
        0.48782784598214285,
        0.48733956473214285,
        0.47900390625,
        0.46986607142857145,
        0.461669921875,
        0.4474400111607143,
        0.42459542410714285,
        0.4039829799107143,
        0.35257393973214285,
        0.31288364955357145,
        0.2622767857142857,
        0.20755440848214285,
        0.14899553571428573,
        0.10452706473214286,
        0.06344168526785714,
        0.03839983258928571,
        0.019949776785714284,
        0.010951450892857142,
        0.007359095982142857,
        0.0037667410714285715,
        0.0029994419642857145,
        0.0008719308035714286,
        0.0006277901785714286,
        0.00020926339285714285,
        0.0,
        0.0,
        0.0,
        0.0,
        0.0
    ],
    "snr_range": [
        -40,
        -39,
        -38,
        -37,
        -36,
        -35,
        -34,
        -33,
        -32,
        -31,
        -30,
        -29,
        -28,
        -27,
        -26,
        -25,
        -24,
        -23,
        -22,
        -21,
        -20,
        -19,
        -18,
        -17,
        -16,
        -15,
        -14,
        -13,
        -12,
        -11,
        -10,
        -9,
        -8,
        -7,
        -6,
        -5,
        -4,
        -3
    ],
    "sf": 7
}