{
    "ChirpSmoother": [
        0.492828369140625,
        0.499420166015625,
        0.496307373046875,
        0.497314453125,
        0.489837646484375,
        0.493377685546875,
        0.493927001953125,
        0.4840087890625,
        0.46435546875,
        0.461700439453125,
        0.44970703125,
        0.415771484375,
        0.382843017578125,
        0.34344482421875,
        0.268798828125,
        0.202972412109375,
        0.1259765625,
        0.063323974609375,
        0.02655029296875,
        0.00732421875,
        0.001983642578125,
        0.0,
        0.0,
        0.0,
        0.0,
        0.0,
        0.0,
        0.0,
        0.0,
        0.0,
        0.0,
        0.0,
        0.0,
        0.0,
        0.0,
        0.0,
        0.0,
        0.0
    ],
    "LoRa Trimmer": [
        0.501068115234375,
        0.498046875,
        0.493499755859375,
        0.498321533203125,
        0.497314453125,
        0.492919921875,
        0.490997314453125,
        0.482757568359375,
        0.48272705078125,
        0.467803955078125,
        0.4578857421875,
        0.440155029296875,
        0.41754150390625,
        0.38311767578125,
        0.322357177734375,
        0.26116943359375,
        0.190216064453125,
        0.118865966796875,
        0.067138671875,
        0.0257568359375,
        0.00726318359375,
        0.00140380859375,
        0.0001220703125,
        0.0,
        0.0,
        0.0,
        0.0,
        0.0,
        0.0,
        0.0,
        0.0,
        0.0,
        0.0,
        0.0,
        0.0,
        0.0,
        0.0,
        0.0
    ],
    "LoRaPHY-CPA": [
        0.5009765625,
        0.4951171875,
        0.50067138671875,
        0.489501953125,
        0.49981689453125,
        0.497772216796875,
        0.49176025390625,
        0.49383544921875,
        0.491455078125,
        0.486114501953125,
        0.48492431640625,
        0.47906494140625,
        0.4630126953125,
        0.44915771484375,
        0.423004150390625,
        0.395843505859375,
        0.347015380859375,
        0.281158447265625,
        0.208587646484375,
        0.138336181640625,
        0.07537841796875,
        0.039581298828125,
        0.02325439453125,
        0.0125732421875,
        0.010223388671875,
        0.008087158203125,
        0.004150390625,
        0.003387451171875,
        0.001953125,
        0.00054931640625,
        0.0003662109375,
        0.00018310546875,
        0.00018310546875,
        0.0,
        0.0,
        0.0,
        0.0,
        0.0
    ],
    "LoRaPHY-FPA": [
        0.4951171875,
        0.502899169921875,
        0.495941162109375,
        0.498321533203125,
        0.497100830078125,
        0.499237060546875,
        0.49603271484375,
        0.496185302734375,
        0.491180419921875,
        0.487640380859375,
        0.48504638671875,
        0.47271728515625,
        0.4644775390625,
        0.44549560546875,
        0.42181396484375,
        0.392303466796875,
        0.34033203125,
        0.28045654296875,
        0.2122802734375,
        0.13690185546875,
        0.081268310546875,
        0.043212890625,
        0.019866943359375,
        0.014617919921875,
        0.01007080078125,
        0.006591796875,
        0.00341796875,
        0.0029296875,
        0.001708984375,
        0.000885009765625,
        0.000213623046875,
        0.000335693359375,
        0.0,
        0.0,
        0.0,
        0.0,
        0.0,
        0.0
    ],
    "MFFT": [
        0.493316650390625,
        0.499542236328125,
        0.495635986328125,
        0.4957275390625,
        0.5023193359375,
        0.495086669921875,
        0.49658203125,
        0.496551513671875,
        0.484344482421875,
        0.48455810546875,
        0.48223876953125,
        0.47308349609375,
        0.460205078125,
        0.44488525390625,
        0.424346923828125,
        0.38836669921875,
        0.3370361328125,
        0.272552490234375,
        0.209075927734375,
        0.129180908203125,
        0.07244873046875,
        0.034423828125,
        0.014556884765625,
        0.00811767578125,
        0.00372314453125,
        0.001983642578125,
        0.001373291015625,
        0.000518798828125,
        9.1552734375e-05,
        0.000244140625,
        3.0517578125e-05,
        0.0,
        0.0,
        0.0,
        0.0,
        0.0,
        0.0,
        0.0
    ],
    "HFFT": [
        0.499420166015625,
        0.495452880859375,
        0.497802734375,
        0.49322509765625,
        0.495269775390625,
        0.491943359375,
        0.497406005859375,
        0.490234375,
        0.4842529296875,
        0.47406005859375,
        0.470733642578125,
        0.459716796875,
        0.4403076171875,
        0.41961669921875,
        0.382110595703125,
        0.341949462890625,
        0.29107666015625,
        0.23291015625,
        0.1756591796875,
        0.121063232421875,
        0.073638916015625,
        0.044769287109375,
        0.025970458984375,
        0.0111083984375,
        0.006866455078125,
        0.00396728515625,
        0.00262451171875,
        0.00115966796875,
        0.000457763671875,
        6.103515625e-05,
        0.0,
        0.0,
        0.0,
        0.0,
        0.0,
        0.0,
        0.0,
        0.0
    ],
    "snr_range": [
        -40,
        -39,
        -38,
        -37,
        -36,
        -35,
        -34,
        -33,
        -32,
        -31,
        -30,
        -29,
        -28,
        -27,
        -26,
        -25,
        -24,
        -23,
        -22,
        -21,
        -20,
        -19,
        -18,
        -17,
        -16,
        -15,
        -14,
        -13,
        -12,
        -11,
        -10,
        -9,
        -8,
        -7,
        -6,
        -5,
        -4,
        -3
    ],
    "sf": 8
}