{
    "ChirpSmoother": [
        0.4981825086805556,
        0.4915907118055556,
        0.4908311631944444,
        0.4943033854166667,
        0.4902615017361111,
        0.48193359375,
        0.4760470920138889,
        0.4608832465277778,
        0.4419759114583333,
        0.4085828993055556,
        0.3655327690972222,
        0.2981228298611111,
        0.23914930555555555,
        0.1711697048611111,
        0.0888943142361111,
        0.035970052083333336,
        0.011203342013888888,
        0.0023328993055555555,
        0.00016276041666666666,
        0.0,
        0.0,
        0.0,
        0.0,
        0.0,
        0.0,
        0.0,
        0.0,
        0.0,
        0.0,
        0.0,
        0.0,
        0.0,
        0.0,
        0.0,
        0.0,
        0.0,
        0.0,
        0.0
    ],
    "LoRa Trimmer": [
        0.4939236111111111,
        0.4977484809027778,
        0.4979112413194444,
        0.4937879774305556,
        0.4884168836805556,
        0.4858669704861111,
        0.4775661892361111,
        0.4661187065972222,
        0.4556206597222222,
        0.4342719184027778,
        0.4047309027777778,
        0.3608669704861111,
        0.3038465711805556,
        0.24159071180555555,
        0.15660264756944445,
        0.0846896701388889,
        0.032958984375,
        0.009792751736111112,
        0.0027669270833333335,
        0.00013563368055555556,
        5.425347222222222e-05,
        0.0,
        0.0,
        0.0,
        0.0,
        0.0,
        0.0,
        0.0,
        0.0,
        0.0,
        0.0,
        0.0,
        0.0,
        0.0,
        0.0,
        0.0,
        0.0,
        0.0
    ],
    "LoRaPHY-CPA": [
        0.4972330729166667,
        0.5006239149305556,
        0.4952799479166667,
        0.4984537760416667,
        0.4888237847222222,
        0.4922146267361111,
        0.4907497829861111,
        0.4928927951388889,
        0.4800075954861111,
        0.4758843315972222,
        0.4689127604166667,
        0.4411892361111111,
        0.4196234809027778,
        0.3673773871527778,
        0.3294813368055556,
        0.24641927083333334,
        0.1657443576388889,
        0.09320746527777778,
        0.047444661458333336,
        0.020589192708333332,
        0.013726128472222222,
        0.008273654513888888,
        0.005805121527777778,
        0.005018446180555556,
        0.002956814236111111,
        0.0015190972222222222,
        0.0005154079861111111,
        0.00018988715277777778,
        0.00016276041666666666,
        8.138020833333333e-05,
        0.0,
        0.0,
        0.0,
        0.0,
        0.0,
        0.0,
        0.0,
        0.0
    ],
    "LoRaPHY-FPA": [
        0.4989691840277778,
        0.4976942274305556,
        0.4953070746527778,
        0.496826171875,
        0.4966362847222222,
        0.493896484375,
        0.48876953125,
        0.4874945746527778,
        0.4805230034722222,
        0.4727105034722222,
        0.4642469618055556,
        0.44384765625,
        0.4149848090277778,
        0.3795844184027778,
        0.3079698350694444,
        0.2333441840277778,
        0.15926106770833334,
        0.0952419704861111,
        0.04977756076388889,
        0.02392578125,
        0.013454861111111112,
        0.007921006944444444,
        0.007025824652777778,
        0.004340277777777778,
        0.00244140625,
        0.001247829861111111,
        0.0007052951388888889,
        0.00029839409722222225,
        0.0002712673611111111,
        0.0,
        5.425347222222222e-05,
        2.712673611111111e-05,
        0.0,
        0.0,
        0.0,
        0.0,
        0.0,
        0.0
    ],
    "MFFT": [
        0.496337890625,
        0.4987521701388889,
        0.4979112413194444,
        0.4971516927083333,
        0.4967719184027778,
        0.4940592447916667,
        0.4919704861111111,
        0.4890407986111111,
        0.4800075954861111,
        0.4728190104166667,
        0.4616156684027778,
        0.4423556857638889,
        0.4073621961805556,
        0.368896484375,
        0.3050944010416667,
        0.24620225694444445,
        0.156005859375,
        0.08634440104166667,
        0.04212782118055555,
        0.016628689236111112,
        0.006971571180555556,
        0.0032823350694444445,
        0.0014105902777777778,
        0.0007595486111111111,
        0.0003255208333333333,
        0.0,
        0.0,
        0.0,
        0.0,
        0.0,
        0.0,
        0.0,
        0.0,
        0.0,
        0.0,
        0.0,
        0.0,
        0.0
    ],
    "HFFT": [
        0.4965006510416667,
        0.4956597222222222,
        0.4905056423611111,
        0.4956325954861111,
        0.4943033854166667,
        0.4860026041666667,
        0.4871419270833333,
        0.481689453125,
        0.470703125,
        0.4548068576388889,
        0.4456108940972222,
        0.4090983072916667,
        0.3777126736111111,
        0.325927734375,
        0.2652452256944444,
        0.20377604166666666,
        0.1435546875,
        0.09575737847222222,
        0.05406358506944445,
        0.02783203125,
        0.013400607638888888,
        0.007134331597222222,
        0.003390842013888889,
        0.0021158854166666665,
        0.0008680555555555555,
        0.0005425347222222222,
        0.00021701388888888888,
        5.425347222222222e-05,
        0.0,
        0.0,
        0.0,
        0.0,
        0.0,
        0.0,
        0.0,
        0.0,
        0.0,
        0.0
    ],
    "snr_range": [
        -40,
        -39,
        -38,
        -37,
        -36,
        -35,
        -34,
        -33,
        -32,
        -31,
        -30,
        -29,
        -28,
        -27,
        -26,
        -25,
        -24,
        -23,
        -22,
        -21,
        -20,
        -19,
        -18,
        -17,
        -16,
        -15,
        -14,
        -13,
        -12,
        -11,
        -10,
        -9,
        -8,
        -7,
        -6,
        -5,
        -4,
        -3
    ],
    "sf": 9
}